year,region,unemployment_rate,ci_lower,ci_upper,weighted_numerator,weighted_denominator,effective_n,unweighted_n
2010,1,8.8005404437163,8.150707366363681,9.496826024287218,110555.73555883333,1256238.0261290832,6810.259670523473,7430
2010,3,6.651994490231426,6.20857200485486,7.124680932567745,173141.56734733333,2602851.9356351667,11376.682258736331,11807
2010,4,6.240507820175025,5.817700703006463,6.691859573665133,97052.20732441667,1555197.2711364166,11774.223276682182,13163
2010,5,9.494739269648143,8.763066788948853,10.280618999483693,101684.08895766667,1070951.8826148333,5737.061966328234,6301
2010,7,6.893664965126202,6.3228659778828415,7.511860977549959,94120.28492841667,1365315.6253539168,6983.5679964044575,7410
2010,8,8.870346220592332,8.13345594911933,9.666973394243291,65934.14054675,743309.6624085,5285.94979390668,6330
2010,10,6.903821092155761,6.077017392155984,7.833732561809187,29583.056817083332,428502.65703866666,3207.404350488453,4078
2010,11,6.938249519270495,6.240677431336334,7.707385283971793,45559.81716966667,656647.14195025,4619.172581025003,7808
2010,12,8.1990331582551,7.358848084249833,9.125695706733127,43059.59839308333,525178.97613,3709.881537063989,4359
2010,14,5.204306526813716,4.644315321147255,5.827692435494703,40556.886676166665,779294.7334521667,5425.0288927685015,6183
2010,15,7.980143333357794,7.468344483738136,8.523784445269873,51908.16053683333,650466.5188136667,10134.731457513177,10670
2010,17,6.121807934792243,5.509823177694486,6.79687728382047,46638.08274616667,761835.11869275,5339.975875554134,5818
2010,18,7.957134656635184,7.367229363348144,8.589894471210435,105390.96452208333,1324483.8634746666,7533.563280079743,7966
2010,19,7.832392896304554,7.1121509398904035,8.618805445823066,51225.85993366667,654025.6676581666,4892.143862047615,5718
2010,20,7.5377504675022315,6.925245847965238,8.199655654197795,86815.96995483333,1151749.05734975,6600.009160527306,7236
2010,22,7.741582793790698,7.206875591936926,8.312408256541548,137704.70755383334,1778766.8390536667,8985.183233589238,10117
2010,24,7.584919741616012,6.854605133009087,8.386039328184966,42191.002867166666,556248.5076233334,4598.540714828179,5685
2010,25,10.081795997199976,9.408249486321939,10.797814985083107,127316.784379,1262838.3317254167,7217.029452684013,9249
2010,26,49.65525863306587,47.188016217356875,52.12418110303212,89016.26851141667,179268.56281066666,1572.6668701915055,2393
2010,27,10.26325411169072,9.361340422493173,11.241285312953558,52425.714437083334,510809.86465458333,4006.9851921449854,4972
2010,28,6.559253588838752,5.9222224732646485,7.259520150832399,47056.774704166666,717410.511224,5274.079325403205,5946
2010,29,6.662503648849792,5.996987307783612,7.396064842690018,37603.879105416665,564410.63431025,4889.378258407586,6320
2010,30,6.958492141257213,6.230577978782372,7.764406293031851,13255.778688583334,190497.8610235,4235.702200203146,5316
2010,32,8.888105373443635,8.312290475969549,9.499675745698662,125875.15804116667,1416220.3613974168,8830.03090429021,9428
2010,33,8.63109559935467,7.929652209752419,9.388260484208313,63517.2996555,735912.3638979166,5700.131200036903,6741
2010,34,5.997248673258751,5.405891505313942,6.64874830961674,21441.421256083333,357520.96376608335,5617.303189172642,6350
2010,36,5.761104426939926,5.281664071176211,6.281179674550594,101153.81059533334,1755805.8854535,8360.492141817975,8864
2010,37,12.13476704295264,11.154808568510632,13.188036544189286,55290.64467875,455638.2869406667,3964.394685189282,4534
2010,38,8.191357643381144,7.563134808651055,8.866757589648282,47554.13533125,580540.3377750834,6804.806749153848,7724
2010,40,2.647924659871036,2.4100587848410253,2.9085675149155756,74335.523135,2807312.6196355,15968.517245229836,16275
2010,41,5.1828913569089945,4.655168663338538,5.7668197533703305,49873.792517,962277.4062303334,6122.336792139117,6750
2010,42,4.496126414715831,4.001691613101844,5.048439140315494,27810.073540166668,618534.0663275,6036.501543226123,7034
2010,44,5.566209129834979,4.724949468727527,6.546959381151741,5678.563116583333,102018.50099641667,2443.500367161192,4521
2010,45,1.7829515132121239,1.630837326271186,1.94897283947688,114755.10663008333,6436243.822656916,26633.38448744944,27423
2010,46,3.3099480556069727,3.021987403417414,3.6243225668888197,130533.06424400001,3943658.9955809168,13576.749794716503,14926
2010,47,8.568400424002316,7.632566638465126,9.60704305679351,41831.70364516667,488209.01889675,3092.3470093461788,4422
2010,49,5.611986899627783,5.0323733658528065,6.253962301108343,19199.84022275,342121.97152533336,5464.715873763665,6286
2010,50,7.664733924386896,7.093256010483687,8.278151328338257,109501.86626825,1428645.36914775,7751.5786049843255,8569
2010,52,8.129453221856565,7.466457948034173,8.84569234725443,85476.26524258334,1051439.2900715,6037.944643756194,6552
2010,53,7.243318853809313,6.628968779468196,7.909781552020097,76984.05652175,1062828.49168325,6299.737894367414,6796
2010,54,8.91863764479631,8.169693033929352,9.728966635499905,35475.70370125,397770.43438858335,5137.934419848237,5935
2010,56,6.439668208263755,5.706693422051067,7.259539126873863,44122.214372083334,685162.8522640833,3847.5433192362693,4500
2010,57,8.321381644989778,7.819324084395632,8.852579194598345,116695.49623325,1402357.2191705834,10984.954455615938,12109
2010,58,9.53020735499313,8.60770353878626,10.540175480104617,33760.863851166665,354251.0943739167,3551.049533283614,4201
2010,60,7.725957074361116,7.228831485973422,8.254228131745577,167072.00747708333,2162476.5173950833,10424.256130587284,10797
2010,61,8.443193888032264,7.616453017107849,9.350591730497406,48297.86410183334,572033.1043243334,3954.620069035769,4739
2010,63,6.267890956403645,5.697149141361548,6.891631341566629,85812.35374658334,1369078.5998584167,6335.767162690693,6954
2010,64,8.8762823551762,7.94745279608744,9.90198849674143,25571.295419000002,288085.64662308333,3257.5260223208074,4139
2010,65,8.412905246078656,7.928498733714869,8.924038915132606,193888.74028208334,2304658.5526736667,11950.674602987432,12414
2010,66,7.43551579088958,6.658894068157187,8.294665293457001,40838.106134333335,549230.3060450833,3958.6960925403746,4979
2010,68,7.8333657394953295,7.088910930147593,8.648723327865099,43391.980897416666,553937.890052,4565.27110215987,4992
2010,69,7.733399691670052,6.86511307946234,8.701245559851314,41776.74473033333,540211.8912246667,3257.8423090517035,4051
2010,70,5.8125614853725205,5.255286458700499,6.424923092211292,46992.46122158333,808463.8990889167,6158.974418733341,6943
2010,71,6.8569343681801955,6.327826633808571,7.426776282459595,129778.17966666666,1892655.99899725,8133.418719161224,12148
2010,73,8.759172119194037,8.011543090676055,9.569311351163323,58798.93520266667,671284.1625045834,5064.929183043124,6438
2010,75,7.476248115048913,6.9657510727394945,8.020932285027353,139876.64719166668,1870947.0985869167,9552.576579507857,10337
2010,76,11.11995129396151,10.329234728783693,11.963122797957377,58864.0912205,529355.6569125,5690.802722116926,6458
2010,77,4.518850566244597,3.8235735151630084,5.333545291550108,1478.73306125,32723.654822666667,2922.2574424189565,3747
2010,78,7.512918470776627,6.904217041857684,8.17057532361449,50915.17109616667,677701.63211825,6663.953896247494,7831
2010,79,9.309091699408151,8.371478026428845,10.339868695139186,19065.068157,204800.51945575,3351.8234959366787,4022
2010,80,8.918035217828383,8.438044079633464,9.422520445569122,181923.54190966667,2039950.9249075002,12882.097876764376,13358
2010,81,10.362094093413528,9.361009810444411,11.45670420461533,49337.78900433333,476137.241754,3252.315394447044,3678
2010,82,14.823279219825425,13.808963935220712,15.898356613711275,188507.06615625002,1271696.1163635834,4443.9937438341885,5079
2010,83,12.729189393342674,11.438150208362304,14.142679257546794,48220.36270575,378817.2303490833,2334.639390235969,2829
2010,84,12.229011178491817,10.966942122174398,13.614109906876697,12265.47515575,100298.17600725,2354.869179620396,3047
2010,85,14.780660889674305,13.45517143438862,16.212265799618603,21967.32275975,148622.06043233332,2546.0913727285706,3024
2010,86,9.322807358890998,8.435086570222229,10.293450616450508,32485.1446435,348448.09500991664,3764.9744619438457,4541
2010,87,10.079393851396013,9.154663691559797,11.086133823126442,52077.897793250006,516676.8811800834,3736.03700388876,4533
2010,88,10.489959763013863,9.591040287271777,11.462448659056832,39369.30272558334,375304.61140941666,4122.225919544004,4596
2010,89,5.390320471791962,4.737060607555063,6.127872582407258,25018.751255083334,464142.18571991666,4062.161151732367,4673
2010,90,9.715915316193724,8.566642420871881,11.000820406304552,36777.17149183333,378525.03130133334,2278.0600127724674,2944
2010,91,10.25377327190101,9.13994439480574,11.48617847477383,23921.8618405,233298.13529283332,2571.436401287769,3038
2010,92,6.234644539480376,5.771749871823528,6.732011098573425,126284.60545650001,2025530.1590461668,9750.355585213152,11193
2010,93,21.684394722463075,19.981841149459186,23.489430093223557,27565.555913166667,127121.62947583334,2118.9400309232283,2476
2010,94,9.32009089506185,8.550169220332478,10.151645997932086,77529.64749225,831855.057694,5067.114364017994,5904
2010,95,9.101055741939575,8.190877702759439,10.101245768805377,24261.024989833335,266573.74350575,3487.0626799892684,3899
2010,96,43.282384070865334,40.91311043122721,45.68278309229964,238313.01943608333,550600.49152075,1654.3194038478268,2270
2010,97,9.536372274618847,8.66148763799453,10.489479104306024,63397.517497,664797.0074085001,3970.4618317564887,4483
2010,98,8.850875013641506,8.020993664054316,9.757510271191814,43689.77645591667,493620.98536675,4115.106314331031,4938
2010,99,9.343561397198716,8.26168902006337,10.550811862969473,8170.435068833333,87444.54840616666,2487.503502465172,3027
2011,1,8.46624944462533,7.818746830959557,9.162044802041132,103217.59754850001,1219165.5611331668,6603.7844509141,7211
2011,3,5.92311958552859,5.504422336471469,6.371517862414858,153208.23037233335,2586613.83009475,11397.751915714949,11842
2011,4,5.984590263599961,5.561936079512034,6.43717290603133,90442.58201733333,1511257.7141234167,11295.329520055777,12572
2011,5,8.002270156899636,7.334972120557569,8.724559843397302,85012.99071491667,1062360.9181904166,5863.687495062798,6400
2011,7,5.993797411730156,5.464395627627487,6.5709237182760685,82415.50960733334,1375013.2669823333,7080.483598554279,7491
2011,8,6.614837810428822,5.983671751736007,7.307405515487779,49663.10456658333,750783.4052754167,5424.7528491091225,6469
2011,10,5.995255653178135,5.235511014896522,6.857271907056139,26968.273857666667,449826.92011425,3301.9127788086967,4122
2011,11,5.853347911719459,5.206923360494147,6.574458279297142,38723.890426666665,661568.2342943334,4537.517378807141,7736
2011,12,8.805157864859586,7.9457513161033555,9.747674366756431,46828.070519,531825.4509199166,3804.32552256104,4405
2011,14,4.32714770459381,3.8162798371569924,4.902917088348044,33177.871117250004,766737.6614398333,5402.8236322801895,6130
2011,15,7.057205814855676,6.57386956661202,7.5731981709643295,45470.217778833336,644309.0788583333,10099.198143433068,10581
2011,17,5.729337973268343,5.146460228184718,6.373795287196406,44287.269139916665,772991.0392186667,5519.546519752966,5956
2011,18,6.885198211192822,6.335125028856786,7.479219886108076,91930.14346,1335185.1412288335,7533.33335260437,8016
2011,19,7.3116610342685115,6.617459759156602,8.07239184909605,47130.72780066667,644596.7281548333,4925.863359869431,5746
2011,20,6.448842343955735,5.875359889618972,7.074094297784908,75562.3456695,1171719.53723325,6459.4228326869115,7307
2011,22,7.207238215001589,6.694566381961613,7.75590711674665,128679.88526433334,1785425.7265493334,9129.492900575498,10299
2011,24,6.641851873077166,5.9582226160691665,7.397748519338503,36698.92472166667,552540.5477714166,4605.666157048862,5739
2011,25,9.090712991292706,8.4487116383842,9.776289353275828,114919.53055525,1264142.10486375,7209.070013386507,9340
2011,26,48.14807480258563,45.77460304474026,50.52993361961785,91907.172274,190884.41781075,1692.6040356939816,2528
2011,27,9.05421627967065,8.213793160765423,9.971288540561604,47754.8528485,527432.20808325,4100.354308223576,5141
2011,28,6.02326994304245,5.413669002058071,6.696654486579318,43271.117873083334,718399.113476,5293.281651890049,6047
2011,29,5.599912803418733,4.992096083428604,6.276845472319223,31210.945084,557346.9834199167,4931.665013704372,6377
2011,30,6.100293164848657,5.425104188111341,6.853424337992621,11686.498549833334,191572.73649033334,4323.440137605983,5403
2011,32,8.05684781516052,7.506424117952706,8.643860565444827,113922.88927583334,1413988.34742125,8803.322344588643,9410
2011,33,8.27179013258927,7.557363380776522,9.047144665643911,58768.1382515,710464.57066125,5258.034046888077,6075
2011,34,5.140817511958237,4.585184213270105,5.759718054180178,18090.679423083333,351902.77384875005,5443.675854486126,6250
2011,36,5.051754457680914,4.601525150649058,5.543475971542898,88454.49081416667,1750965.7596219168,8319.014687162766,8896
2011,37,9.983340821174151,9.072179287551664,10.974969075972952,44399.33991675,444734.28997416666,3816.926832219375,4351
2011,38,6.335499219561279,5.774763128608338,6.946669287587174,36114.54225891667,570034.6729964167,6647.840260889369,7643
2011,40,1.9512218716438812,1.7479733535555981,2.1775796659510407,55764.39015283334,2857921.5394840003,15970.47126448071,16302
2011,41,4.332251118063465,3.853760642442853,4.8671444218775655,42221.54360775,974586.7092446666,6216.796136228574,6906
2011,42,4.905231761517544,4.388471671846958,5.4793551624333325,29875.861907333332,609061.1689689166,6035.896884609236,6991
2011,44,4.473534076854577,3.6533304323662996,5.467430758298153,4546.0144985,101620.20497441667,2009.9185301937734,4234
2011,45,1.4357464024785285,1.2918804828535284,1.5953745233088896,95385.61804775,6643625.774237417,23667.67217332049,24601
2011,46,3.6897418055201707,3.387683837449245,4.017612351152166,148385.07506291667,4021557.140960917,13780.055124844579,15080
2011,47,8.6118322467605,7.646995603585546,9.68563709973964,40584.43555425,471263.65669183334,2914.2746114305382,4315
2011,49,4.858801473395289,4.323154795556914,5.457030394984258,16522.16537491667,340046.109424,5537.9239003059065,6329
2011,50,6.828555863738931,6.286237437320412,7.413959119040602,98889.27692250001,1448172.6282364167,7694.521476731878,8652
2011,52,7.861499323342995,7.2162960879625455,8.559068168454012,83825.7780445,1066282.3285578333,6178.586892459474,6714
2011,53,6.291751297651291,5.719039982444494,6.9176065462009735,66029.38266841667,1049459.5152396667,6314.977151439611,6774
2011,54,6.276262319035747,5.647639357493539,6.96968693340736,24424.8647245,389162.5856749167,5180.067606907453,5922
2011,56,5.394391054715995,4.730562955272552,6.145363630794744,37186.09310233333,689347.374433,3928.7224064117163,4509
2011,57,7.479283925721061,6.999805493282326,7.98878476754106,104053.27123041666,1391219.6978186667,10877.469081679032,12009
2011,58,9.259778773186401,8.360067449033878,10.245491706097507,33066.941332250004,357102.9302341667,3635.669114245266,4395
2011,60,7.348745846310954,6.86859201617396,7.8596324822287675,159473.0123315,2170071.13413175,10658.578214206233,11039
2011,61,7.230898843615857,6.471518841498695,8.071695783228895,41235.73044275,570271.1562499166,4032.0691500417374,4858
2011,63,5.973478604592823,5.408993181578925,6.592768141523202,78248.11016874999,1309925.3441468333,6168.17946707577,6682
2011,64,7.930453093987862,7.0665167598715275,8.889908564270085,22906.665674750002,288844.34979025,3379.950282428674,4177
2011,65,7.246676068464108,6.794670145902224,7.726258476753428,167152.92250133335,2306615.07320225,11907.403139500382,12365
2011,66,7.582499975198067,6.784859475319077,8.465396577187645,41476.325085000004,547000.6623233333,3818.6433977050065,5005
2011,68,6.619294622982233,5.921817780476644,7.392465764530767,35930.38200808333,542812.85325075,4399.269354688057,4840
2011,69,9.053127766661891,8.041540017042607,10.177884227335278,46410.44589425,512645.4313961667,2776.0032889981753,3758
2011,70,5.264509945014241,4.733743021893392,5.851133520144469,42501.14535033333,807314.3710286667,6149.393176185725,6994
2011,71,5.8034577237428895,5.313320703446534,6.335782949892911,111173.830949,1915648.1573764167,8044.815445917321,12238
2011,73,6.812025720452468,6.168163175964558,7.517712979122646,47261.94669533333,693801.6477746667,5363.100449069706,6791
2011,75,6.601984851390151,6.12256214541356,7.116102725313289,124266.10272083334,1882253.6785231666,9606.239596275755,10398
2011,76,10.641364323069793,9.834481404066944,11.50600101673294,56927.24411891667,534961.8938945833,5231.99218429396,5923
2011,77,5.64658811474876,4.898039025907796,6.501714276920486,1845.0958891666667,32676.296759583332,3193.502960380967,3808
2011,78,5.0878798809582255,4.587459794624612,5.639661371638939,34480.440050916666,677697.6040641667,6714.3572423448295,7898
2011,79,8.41699583292095,7.510835215365947,9.421345732342127,17161.991482916666,203896.87512725,3249.8619009064455,4094
2011,80,7.6294097217323635,7.18922043454355,8.09420082265066,158656.5058895,2079538.4135363335,13228.09985674346,13723
2011,81,8.962427539130958,8.015682785416276,10.008826474844696,41620.76962,464391.7001089167,3159.982508168904,3574
2011,82,12.669934046251823,11.723063097503747,13.681430788883667,172176.37573591666,1358936.6377708334,4434.07419427101,5070
2011,83,10.547348432694555,9.29426529103137,11.94712410827727,38764.450042916666,367527.91746933333,2062.463244132181,2622
2011,84,12.802619709429703,11.520826748192588,14.204129162396182,12813.805352583333,100087.36995558333,2383.3351541885168,3074
2011,85,14.217523649652483,12.928576195714864,15.611935041968323,21179.669852416668,148968.768221,2602.8677446487786,3017
2011,86,8.377648822268608,7.5343084096313655,9.30588680679842,28411.518818416665,339134.75512241665,3762.8280584666913,4551
2011,87,8.233362619460294,7.382875635257726,9.172120764004081,40990.64770525,497860.3469785834,3631.430060348036,4378
2011,88,10.091617537462778,9.216329757065559,11.039923770366366,37578.856366,372376.9378545833,4195.272671048669,4628
2011,89,5.198990096466984,4.578537640734486,5.898324831916001,24206.910952916667,465607.945077,4359.654000195444,4908
2011,90,8.25315345401682,7.144853324521755,9.51575354000628,29546.822368583333,358006.45817633334,2074.821368359763,2696
2011,91,9.836444829208068,8.748998947509032,11.0426967832841,22935.64568675,233170.07399508334,2593.444019848918,2980
2011,92,4.662641415485678,4.261591584561224,5.099422946606345,94872.36215825,2034734.2569205002,9744.454596787002,11372
2011,93,17.328053686757695,15.803055356016074,18.967063326389695,23303.96451475,134486.91316416668,2197.833753502789,2551
2011,94,6.929301725209454,6.263872054811369,7.659645481526985,58047.96207441667,837717.3397318333,5093.798335613661,6018
2011,95,7.20679016998242,6.40201506815189,8.103971570962617,19423.855267666666,269521.58741308335,3554.105453458272,3950
2011,96,37.26013558773313,34.768211209665424,39.82163211588197,205267.48179208333,550903.7435163333,1403.0336906140521,2135
2011,97,7.796234529057214,6.997285732053705,8.677895241823224,51772.18256683333,664066.5102348333,3916.368238664252,4476
2011,98,8.965039360098217,8.126759156004436,9.880489378584318,44107.3827755,491993.18601783336,4081.541219582463,4917
2011,99,8.49980276548744,7.51263069722328,9.603222093319463,7592.650611666667,89327.3740715,2738.955219908687,3208
2012,1,6.225027868059883,5.657250391077552,6.845654254072049,74384.84409066667,1194931.90500125,6359.95131983225,7098
2012,3,5.5723364867119995,5.168768862862939,6.005418467448926,146761.09518583334,2633744.31059225,11561.17691744671,11997
2012,4,5.549975360393625,5.138877874286261,5.991882339578727,83956.406198,1512734.7554935,11080.595328311381,12429
2012,5,6.868001279703617,6.24611471310957,7.5468210963256555,72856.46907233333,1060810.35959675,5816.651727736917,6350
2012,7,5.36745087217803,4.870780586869884,5.911619055894407,74253.50927566667,1383403.6127010833,7215.597938835902,7687
2012,8,6.387651711659811,5.761725218291682,7.07646985864213,47624.72140125,745574.7988625834,5323.8937936556185,6359
2012,10,5.312905896765984,4.581197858923359,6.153944893488491,22706.418045083334,427382.27415066666,3136.415126739097,3926
2012,11,5.367365229959885,4.7438052929439065,6.067669322019612,34143.43789166667,636130.3251935,4464.366665445033,7505
2012,12,7.913420440799921,7.084815180722204,8.829725994950921,41013.482346833334,518277.5596678334,3683.1213726937926,4318
2012,14,3.745577661485363,3.2774595764696888,4.277599879681581,29466.052810916666,786689.1431435833,5557.127756938641,6309
2012,15,5.067387164099269,4.659858310490318,5.508497322813119,32650.08724025,644317.9923485,10276.091460768765,10840
2012,17,4.388956317545958,3.882123968000524,4.958544806476056,34073.285634416665,776341.41625425,5580.088585092871,6063
2012,18,6.038141093634424,5.525057637388501,6.595545559189193,80443.26886241666,1332252.2215855834,7616.818508246134,8158
2012,19,5.784012702998079,5.155577781537506,6.483813431513333,37035.31718625,640304.9074745834,4756.250283366928,5642
2012,20,5.546313544941879,5.017339951513518,6.1274585976877285,64581.63479608333,1164406.48861225,6542.534976844764,7394
2012,22,5.39636124353355,4.950680123442434,5.879682535186251,98063.01224708333,1817206.2214069166,9100.423183318288,10392
2012,24,6.287085867430829,5.632941740134825,7.011550423486182,34989.60675416667,556531.3961341666,4772.0497732269005,5817
2012,25,7.84640983937142,7.243570002534014,8.494825751495542,97775.30059658333,1246115.1354339167,7102.135952695593,9204
2012,26,47.6834875239783,45.37469229112324,50.00222524048156,96286.05517091666,201927.45994616667,1786.2117309326445,2537
2012,27,7.409638220042325,6.644303579423914,8.255333588785376,38814.697395083334,523840.6551360833,4068.026100229073,5070
2012,28,5.0475242479514195,4.49871384264466,5.659318088054556,36486.38161733333,722856.9854249167,5479.603038864143,6244
2012,29,4.283934723336,3.746170862186461,4.894968940596122,23587.088659333334,550594.0258810833,4789.812933671204,6291
2012,30,5.83021023993388,5.1513548011958985,6.592308713386573,10939.54824125,187635.57043483332,4072.810216926607,5273
2012,32,7.054853720148175,6.538397748452478,7.6087825321306,98871.27588583334,1401464.5775498333,8801.042810449691,9494
2012,33,7.095302276187689,6.429830766228127,7.823889465883728,48796.026660916665,687723.0139254166,5218.842673188972,6046
2012,34,4.754320364918956,4.2303252718224496,5.339602060444011,16758.470447666667,352489.2973415,5668.1784687033505,6402
2012,36,3.4334138183755365,3.06516376146367,3.8441510946168087,60005.079530416675,1747679.7934834168,8416.743651733177,8983
2012,37,8.67448117483963,7.813187012096974,9.620812201715061,37705.82479591667,434675.27378216665,3729.8399375864956,4338
2012,38,5.110153394673156,4.6087617681357855,5.662853750176808,28905.997838333333,565658.1242446667,6717.91917239533,7797
2012,40,1.1379623656510323,0.9857248890607686,1.3133998469518309,32954.676606,2895937.29992525,16177.319520196052,16563
2012,41,3.246363225837592,2.835364161898074,3.714660859578764,31726.504629833333,977293.7414188334,6265.1516768665715,6856
2012,42,3.5621750857249563,3.1388773624351747,4.040176170153916,22594.101528583335,634278.2425020833,6518.20722030631,7486
2012,44,3.4110756305999588,2.7019530486491727,4.298084913840499,3379.5772818333335,99076.58603391667,2008.3318308954963,4357
2012,45,0.8052652858977204,0.7013776966314849,0.924397385745934,54757.832177833334,6799974.26149925,24789.286084756513,25784
2012,46,2.9317690515777355,2.6577044276092963,3.233156745699123,116341.48802083333,3968303.2999555,13231.17714920204,14600
2012,47,7.71132514032653,6.815161469802053,8.714310261521238,36311.23123041667,470881.8597276667,3037.6862874492263,4351
2012,49,4.132506137342794,3.636823509784571,4.692458231755682,13756.84030175,332893.4028055833,5479.2626497067695,6240
2012,50,5.604538778916402,5.107844040208004,6.1464044181491655,80743.41391258333,1440679.0120951666,7547.185159058241,8512
2012,52,6.860552988681376,6.255067638876562,7.519947254186119,71953.13406708333,1048794.96136525,6144.247668548047,6709
2012,53,5.381404369627652,4.849924610344809,5.967473673671737,55984.89760541666,1040339.9142683333,6275.767521284576,6812
2012,54,5.346844899005333,4.764195501907043,5.996264406865088,20911.6709095,391103.00194775,5134.183761695611,5887
2012,56,4.909375698153964,4.283564383894345,5.62124607439482,34504.39500275,702826.53282625,4021.6213446827164,4613
2012,57,6.255522639884327,5.806441738727474,6.736852151884209,84923.52961216666,1357576.8884714167,10417.854485206437,11649
2012,58,6.627349567342914,5.866441115381493,7.4791104360968665,23228.917089,350500.85789141664,3663.958616589095,4367
2012,60,6.024796594792415,5.590115831554078,6.490953751548047,130116.84964283333,2159688.67322925,10729.849039738046,11113
2012,61,4.5825907014815295,3.9693158313746038,5.285403842951143,25773.320634749998,562418.12358275,3893.2431041848663,4765
2012,63,5.382236772860096,4.843594409288765,5.977017494261679,68976.01241525,1281549.2020540833,6102.404136278545,6684
2012,64,7.664833357538332,6.796914480067729,8.63331364000041,21886.617943583333,285545.9071665,3230.576344670189,4072
2012,65,5.816159610980107,5.409057899534125,6.251875909242803,133353.55549858333,2292811.1403069166,11859.366944761969,12315
2012,66,5.661249477509718,4.9878016230705065,6.4194820198936675,30938.777522583336,546500.8677941667,4013.9945071309608,5065
2012,68,4.862470216285759,4.2702411563576455,5.532087590346374,26071.789505166667,536184.0452584167,4477.299237308595,4866
2012,69,8.409893223061545,7.418971126975076,9.519559667965478,41586.6858785,494497.19247875,2687.0938845947626,3589
2012,70,4.6128621260064815,4.120995033011133,5.160277021042545,37365.21322091667,810022.328876,6273.736221185998,7086
2012,71,5.188955135418618,4.72732973977819,5.692964808332224,100875.73493758333,1944047.1598805834,8118.971746183134,12188
2012,73,5.573287158380621,4.99276748947187,6.216888268683817,37889.40981766667,679839.5406684167,5407.049102564432,6767
2012,75,6.395778038143332,5.925242839178868,6.900938337823711,120198.98763541668,1879348.9536155001,9671.441478212955,10553
2012,76,10.585548201802238,9.773175751204457,11.456872791954892,56304.6734835,531901.3471018333,5132.83363613735,5945
2012,77,4.303620421335489,3.635162708588818,5.088507785637529,1417.6564269166668,32941.01914491667,3011.5546719968406,3720
2012,78,3.3681006125655215,2.9650103362231626,3.823831142646543,22661.5230645,672827.9725360833,6802.148577508262,7910
2012,79,8.09575143049547,7.193077531117672,9.100595694164701,16534.8592635,204241.19250025,3147.237553342174,4068
2012,80,6.065980780158688,5.66910802110212,6.488725952712812,123845.89185025,2041646.6246536667,13042.542920939099,13519
2012,81,7.901935773959753,6.984254472377324,8.928619648152273,36485.07036816667,461723.1955795,2963.390896946664,3472
2012,82,11.683595808805153,10.758650043362831,12.676765476203528,155298.73230566666,1329203.2251631666,4311.094645313535,5056
2012,83,8.86180314406039,7.778357754630849,10.07966684282253,34088.86853525,384671.92264475,2347.485379975921,2691
2012,84,11.575423472463592,10.363947270016606,12.908119974856689,11493.547257333334,99292.67196725,2431.500286724518,3037
2012,85,13.114285744175513,11.865277186128491,14.473181399005556,19052.97836125,145284.148393,2575.077386681806,2981
2012,86,6.9925746260565464,6.203085602390542,7.874109520840035,23076.967178416668,330021.03534833336,3585.9176808850934,4417
2012,87,6.397162719222325,5.6414657282734675,7.246314448611385,31450.070242083333,491625.29737725004,3580.7494709737994,4392
2012,88,6.487628813838824,5.76256443289926,7.296859139602669,23752.347622583333,366117.54932583333,3968.097131101019,4400
2012,89,4.903790401350934,4.292617852677729,5.596891518810296,22405.18513016667,456895.2442175,4225.0919818393,4821
2012,90,7.901384311470879,6.799632452116959,9.164101102874257,27791.10622125,351724.5222575,2005.5415355574844,2643
2012,91,8.897975351570295,7.883148001339962,10.02922154449119,21146.61358975,237656.46401816668,2708.635859885657,3120
2012,92,4.124543772611849,3.750354153078532,4.53430913805839,84589.28732566666,2050876.2178101668,9903.395702582993,11532
2012,93,18.37898448587249,16.717318838009316,20.16582332646582,21985.326132166665,119622.09418625,1937.0026838690387,2261
2012,94,6.004812056217971,5.3819441504208605,6.694665820146834,49821.148301500005,829687.05489975,5042.169968317455,6009
2012,95,7.947928531058193,7.087585658160251,8.902699357111652,20770.98545575,261338.352183,3417.630583611033,3824
2012,96,29.809035275778044,27.559499094902982,32.16067030331231,177891.13079525,596769.1646156666,1515.5245688306647,2287
2012,97,5.856279491429493,5.146814869531161,6.656677300086661,38366.40679583333,655132.7827160833,3725.848230283435,4405
2012,98,7.985757243719757,7.20296075669414,8.845516581325748,39951.15870275,500280.154824,4190.28550539169,5014
2012,99,8.454831641269186,7.482423263369473,9.54058141785701,7438.899593833334,87984.00618083334,2812.3237781733264,3227
2013,1,8.327497190228621,7.666695036657865,9.039678634012759,95320.26420333332,1144644.80774825,6227.587696162717,6835
2013,3,6.106592461993627,5.677441005096602,6.5659248709316165,160379.94252375,2626341.0162365832,11169.74361088409,11644
2013,4,5.673322756657787,5.259011171956108,6.118166515014701,86054.69075091666,1516830.5143565,11150.235365925722,12384
2013,5,7.065750627599683,6.435827145629307,7.752221090442125,75473.65808675,1068161.9273675,5829.543398087246,6409
2013,7,5.63765516342739,5.119528120447941,6.204790579505243,77143.46137358333,1368360.765909,6950.730182924951,7393
2013,8,5.62006062961047,5.023941121867838,6.282234478457337,41951.6884365,746463.2715075833,5158.081488445637,6321
2013,10,6.1357624348174875,5.323264665946493,7.063021411710838,25677.14599325,418483.3794663333,2932.737289548215,3757
2013,11,6.058818847971073,5.390955196300741,6.8034715537252595,38002.569261666664,627227.3559456667,4392.572585916641,7344
2013,12,7.455754000814217,6.670146624363281,8.325635766807483,39765.48300766667,533352.9379231667,3874.726394376607,4411
2013,14,3.980355977940834,3.500179427297301,4.523318406442943,32247.66899075,810170.4764465,5627.442947266397,6372
2013,15,5.222761171987473,4.8024060478949915,5.677715597134737,33348.209666250004,638516.84134275,9939.129284423285,10509
2013,17,3.7883266690937134,3.318602409564368,4.321565149255205,29211.37829441667,771089.2128900001,5586.095357508617,6062
2013,18,6.622214151571196,6.077762503707339,7.211693356900619,89419.86640225,1350301.6416500835,7397.580579097174,7986
2013,19,6.082747417392157,5.437094879847872,6.799557865211142,38242.65091575,628706.8702935834,4737.903110766199,5520
2013,20,4.689913374928289,4.190045065228343,5.246150192514527,54185.16799383334,1155355.41196775,6171.834941321208,7210
2013,22,4.262960206572268,3.86169346724116,4.703882296606492,75758.59220533333,1777135.8055028333,8857.35642906489,10140
2013,24,5.232470941593861,4.6267989187068315,5.912513391304292,28549.884035083334,545629.0986374167,4620.916707229786,5717
2013,25,8.282913992261433,7.672329266433654,8.937386962780435,104607.10442775,1262926.362938,7299.0009831844045,9392
2013,26,43.69657266513647,41.48801648074152,45.930409275997036,86926.40140850001,198931.85233233334,1911.8189885244842,2523
2013,27,5.62776894483118,4.962974808104366,6.375638774908102,29636.950233666666,526619.88301575,4099.743874193807,5075
2013,28,5.332831662992109,4.7641692542623115,5.965119464901146,38341.4647555,718970.0927853333,5389.825416297774,6105
2013,29,4.487218385877001,3.9363389998318503,5.111089962268204,24922.473010166665,555410.298028,4786.68409074866,6234
2013,30,5.659203647151903,5.008511643561545,6.3887461998875335,10707.187210916667,189199.53899,4316.568357284159,5440
2013,32,5.995788752200772,5.520110879820004,6.509632443167586,85367.44008558334,1423789.9901701668,8854.365790916434,9542
2013,33,5.646504375275336,5.044632240472969,6.315409560869144,38181.93338083334,676204.7958029166,5079.684502911914,5915
2013,34,4.933549997135634,4.374163875330776,5.56031311665221,16962.730699083335,343824.0356119167,5135.03138385461,5989
2013,36,3.1903834634327457,2.8290591418331203,3.5961478650849394,55815.84065516666,1749502.56904575,8088.727867111957,8827
2013,37,7.520773856828711,6.719825410330501,8.408583164836317,33143.76182883333,440696.1631845833,3753.482498789218,4362
2013,38,4.6290238688317515,4.143776709073726,5.168031131282134,26621.918201583332,575108.6828658334,6480.17652975955,7616
2013,40,1.5232634609238922,1.3414249098866,1.7293193049996707,43600.301207166674,2862295.4810930835,15375.366025727968,15870
2013,41,4.254573076654646,3.769673027973891,4.798736323829152,41194.71417858334,968245.5427695834,5926.623930408357,6610
2013,42,3.6682070535856077,3.2236914761007402,4.171375001797623,22535.331515416667,614341.862011,6065.194540442024,7130
2013,44,2.8803511555199908,2.28347691210616,3.6274497157897954,2852.0186564166665,99016.35260516667,2405.9973005750635,4664
2013,45,1.702532465171289,1.5476036822112405,1.8726759734612712,114943.15087708333,6751304.4965940835,24384.73324831852,25475
2013,46,2.770254719408614,2.5060865402734027,3.061394641471577,112407.72641133334,4057667.5359055,13449.580672130032,14802
2013,47,7.199018339426505,6.325569088927593,8.182540286896137,33425.99153108333,464313.187647,2983.606165509108,4334
2013,49,4.633156434583509,4.106725244908424,5.223393764208237,15591.733202916668,336525.07578924997,5458.79462977405,6272
2013,50,5.8647085714895155,5.354557883226964,6.420166400563485,84122.37863108334,1434382.9297850002,7480.360877744868,8349
2013,52,6.839310762950368,6.231381512212017,7.501804237487447,72306.72399025,1057222.3795115,6073.401057759197,6604
2013,53,4.942760835529334,4.43455736228586,5.50584936156662,52468.50903208333,1061522.3106675833,6303.359500781794,6859
2013,54,5.833121958220325,5.224819558727655,6.5073835653143455,23003.22119225,394355.22447516664,5140.709223520973,5933
2013,56,4.766207091309506,4.138658389143822,5.483468488822867,33637.9029485,705758.316919,3869.9414453520517,4598
2013,57,6.463942297635011,6.001756498829691,6.95908525542149,86443.14868058334,1337313.1241009166,10145.211314483919,11196
2013,58,6.958554928285837,6.178976882250699,7.828282667935331,24411.30339925,350809.95480858337,3664.3227289237198,4367
2013,60,6.022403071008076,5.581527184769156,6.495707244816995,128937.98475375,2140972.3532863334,10415.341316164659,10833
2013,61,4.674929232310482,4.0542957800706745,5.385236996092051,26194.439838,560317.3553293333,3879.4198655339405,4711
2013,63,5.22022215069492,4.68287897366623,5.815461615025432,65953.4796535,1263422.8534645834,5938.497182383498,6432
2013,64,7.220786133969466,6.381731145641763,8.160541957857246,20510.00916641667,284041.22190975,3259.9763145677443,4112
2013,65,5.901916832640984,5.491250307364332,6.341234632684111,136304.92276925,2309502.60117875,11821.180076147892,12376
2013,66,5.2041448728727016,4.555171000956002,5.9398238475055996,28026.190210250003,538535.9342385001,3965.508150783926,4982
2013,68,4.625093456886434,4.041224930752074,5.288668996067687,24724.627137416668,534575.7305855834,4369.822245668332,4791
2013,69,7.593934180623672,6.6980703504195604,8.598576814013883,39198.44047125,516180.93518991664,2991.248592208519,3848
2013,70,4.221157839355537,3.752322363318749,4.745683811891242,34117.85128725,808258.12693275,6311.689846330905,7013
2013,71,4.721605700249601,4.2779514937402245,5.208766360056819,90610.50056516667,1919061.1482101667,7991.9878485652625,11913
2013,73,5.488771014837532,4.910816857025723,6.130359427348702,37431.66120291667,681967.9870362501,5370.246884409438,6770
2013,75,6.036795571808411,5.5735766397590325,6.5358478523203924,113321.70228233334,1877183.0341835835,9422.173506702884,10311
2013,76,10.458699023905186,9.643998723088291,11.333590369502062,55898.98114541667,534473.5613640833,5043.297362961658,5882
2013,77,3.275154324976654,2.7003237808691476,3.9673622650544846,1082.9693665,33066.20876583333,3054.525428263284,3693
2013,78,4.462320907661613,3.9855257873353573,4.9931894971993005,30088.104122916666,674270.2899573334,6466.286001993796,7816
2013,79,7.843250263966525,7.012976683632932,8.76255785971249,16645.677836333332,212229.33447383333,3633.946130006291,4183
2013,80,5.836478748668355,5.4374591999268596,6.2628404329686775,116499.956766,1996065.8092446667,12405.748706427836,12900
2013,81,8.03816253374751,7.101455051451546,9.086340269668538,36956.33640475,459760.99947708333,2888.314348224595,3480
2013,82,11.566101237461297,10.623200098000666,12.580912514798909,152973.63896799998,1322603.3200585833,4102.456867782339,4725
2013,83,10.450685822034757,9.33570772953022,11.681669979269829,44285.39371258333,423755.86125849996,2615.453698794564,3108
2013,84,11.521669286033289,10.308584310953368,12.85704345676725,11474.751438,99592.78602025,2413.5907948826552,3105
2013,85,12.468597499222202,11.207518477344298,13.849441612629764,17722.07918375,142133.70176441668,2403.7939439198135,2899
2013,86,8.231960882331908,7.392885516878987,9.156852849121398,26900.14821675,326776.91987683333,3735.5329697326906,4569
2013,87,7.067048281200562,6.282442716394873,7.941338918981367,35190.31126775,497949.21256391663,3674.0318060954705,4503
2013,88,5.225449682428302,4.58498517256847,5.949800231402174,19194.386327666667,367325.062802,4096.950355326623,4578
2013,89,4.416052378317728,3.8411748899301843,5.072428607090531,20240.532725583333,458339.9604805833,4293.374837912225,4890
2013,90,8.05360769843522,6.862471989377814,9.43055757386953,27839.937938583334,345682.81670825003,1730.529411226891,2518
2013,91,9.840362523175758,8.731737291556705,11.072667786011708,22149.287811833332,225086.09575783333,2490.8473297142878,2925
2013,92,3.952361826103976,3.579326948094656,4.362515136824631,81047.24048091668,2050602.7546776668,9527.277875386906,11304
2013,93,19.360636974729122,17.69619493409621,21.141417118621327,23695.70367375,122391.13674141667,2019.5687233369451,2321
2013,94,5.659952521760073,5.057623875534311,6.329232397301404,46800.25164858333,826866.50583475,5084.3538808777375,5969
2013,95,5.968563731381753,5.2201279816862876,6.8165889025227635,15890.936687166668,266243.8972313333,3393.004246009545,3850
2013,96,26.940309057323635,24.874023908166592,29.111726630063767,174799.553059,648840.192171,1681.3256885764183,2485
2013,97,5.6932866426421995,5.016467871510832,6.455215424652614,38247.14789466667,671793.82130875,3995.7447963019627,4531
2013,98,7.425463194655912,6.661950069582424,8.268729109414767,37459.13693858333,504468.69045883336,4097.540589207322,5009
2013,99,8.291315768718366,7.315202097108313,9.384490529062898,7312.155817166667,88190.53599133334,2733.5701725236513,3227
2014,1,7.237982525208704,6.619557961379255,7.909289118086976,82551.7783565,1140535.7510740834,6208.79947700867,6889
2014,3,5.689396965636184,5.269908883011345,6.14011223004891,149448.88548641666,2626796.59002675,10898.029739985355,11473
2014,4,4.993770623737314,4.6043347687101654,5.414275604370551,76120.55404216667,1524310.18117525,11125.507916222357,12413
2014,5,6.86881383257609,6.238686996932298,7.557455474849388,73007.09260675,1062877.7309483334,5659.226919715092,6301
2014,7,5.309658192970832,4.801520969318621,5.868255922459812,73475.54101958334,1383809.2462685,6800.5337604758815,7359
2014,8,5.845457532985251,5.237468292966482,6.519169529772509,43683.8866345,747313.3863003333,5157.775763996317,6180
2014,10,5.579089810506533,4.815666734220086,6.455329815977392,23554.734924916665,422196.73324775,3021.255900313352,3821
2014,11,7.225968080626632,6.49705989656887,8.029630196037534,43918.2671155,607783.8515955834,4392.306790215326,7167
2014,12,7.45652757089961,6.658247983003987,8.34196209448463,39563.160528416665,530584.24517625,3746.468173858022,4313
2014,14,3.994216263197868,3.5093954971367305,4.542861343789662,32519.772971583334,814171.5627973333,5534.152173803441,6326
2014,15,5.018169415768916,4.601564131343743,5.470329502166287,31850.209206666666,634697.7666115,9716.131106565972,10376
2014,17,4.328157487129176,3.8176000853764402,4.9035146552572355,32979.72325216667,761980.6661435,5411.193566528706,5871
2014,18,6.579974177995412,6.030334127325642,7.175886017086321,87182.77079483333,1324971.32110925,7205.572608801901,7773
2014,19,5.582737554526605,4.962272048130245,6.27566101664735,34893.48609425,625024.65418525,4705.843845061799,5479
2014,20,4.541182025120883,4.049142255928569,5.089841304347523,52823.554498,1163211.5648699168,6164.639235627536,7174
2014,22,4.226596546670751,3.8225156901896034,4.671318387766033,75002.68873033334,1774541.0024860834,8649.327066423846,9934
2014,24,4.251698003257639,3.696723752067007,4.885761424579094,22722.543426,534434.5578775833,4440.261771658677,5492
2014,25,8.853496664811658,8.215457314160584,9.535940022747694,109989.13323775001,1242324.2183498335,7115.452850061159,9197
2014,26,29.81214090061681,27.76575067149209,31.942658775480222,62161.43216066667,208510.4601105,1839.8052693698037,2523
2014,27,5.418535696468241,4.764858960034577,6.156091647040182,28734.1317185,530293.2992990834,4079.5983074588707,5016
2014,28,5.337210287095589,4.76807326277316,5.97002309989255,38124.58706316667,714316.7499947499,5385.0283646935695,6119
2014,29,4.166136145968966,3.6225229123591633,4.7872744851591795,22645.355299833333,543557.7356670001,4538.400677333198,6061
2014,30,6.0786582234612485,5.385737601444807,6.854270512887344,11388.336143833334,187349.50584783332,4076.908901390629,5269
2014,32,6.237657833589541,5.748530721594238,6.765416066610546,87905.34748533333,1409268.5079961666,8699.568168745993,9402
2014,33,5.046809986286691,4.479774813632379,5.681349668019861,34076.33903066667,675205.5084946667,5112.433902719826,5906
2014,34,4.327033864452822,3.801737970145568,4.921198202306532,14375.428806,332223.6260755,5091.404189073451,5896
2014,36,3.0245011823382026,2.6668816719481225,3.4283870703884416,53306.26045475,1762481.0585638331,7796.831661305724,8610
2014,37,7.0154299442987815,6.230916612908712,7.8904069844076625,29756.56404208333,424158.80820341664,3646.7596083425565,4157
2014,38,3.9484528086031756,3.5010019099878984,4.450453429478212,22580.877382583334,571891.78843375,6482.172212251896,7593
2014,40,1.3434578735715297,1.1718358519980054,1.5398232916596877,39085.60699066667,2909328.8118338333,15104.19779726915,15548
2014,41,4.529671454528781,4.012028480226986,5.110546271888463,43961.305760749994,970518.6392005833,5520.982307930727,6257
2014,42,3.6904778718027402,3.237784600661595,4.203715076171114,22118.052696583334,599327.6064755,5872.754684803616,6969
2014,44,3.103439319110266,2.4699250005581654,3.8929586588125287,2917.585774333333,94011.36849583333,2305.7150587790547,4511
2014,45,1.476657408742469,1.3349031534984135,1.633215468986672,102785.20083033333,6960666.720784334,25178.930457573217,26227
2014,46,2.716941722617785,2.4485308105385593,3.0138671195644418,110585.85993875,4070233.049835167,12736.064040682679,14202
2014,47,6.664048447342465,5.825662661617352,7.613334396690761,30249.0850065,453914.5422714167,2998.3772558561623,4209
2014,49,3.6799664838303094,3.196768130741335,4.233007567928915,11942.603937333333,324530.23661516665,5091.50629615182,5931
2014,50,5.13636668870278,4.655827798140804,5.663556970551532,73522.00886716667,1431401.0919211667,7384.654153352931,8288
2014,52,6.635418943165355,6.031360301702122,7.29527905285795,69713.21077,1050622.5962085833,5966.727334164267,6637
2014,53,4.444468136132864,3.958113125237814,4.987480837702102,46143.61254325,1038225.7478259166,6173.597036377017,6692
2014,54,5.140496154158939,4.567766270469907,5.78068792845512,19967.7291945,388439.7263549167,5104.996588546664,5813
2014,56,4.578395588785538,3.9667690638160904,5.279143177345562,32551.45532725,710979.527566,3911.8484103471005,4495
2014,57,5.815613856443986,5.368474273874262,6.297517255938331,74610.96782183334,1282942.2596405833,9761.05289994043,10749
2014,58,6.532603696382798,5.769557224354118,7.388653182804564,22342.62110533333,342017.09063883335,3586.971463379565,4263
2014,60,5.871794863056907,5.43248259041217,6.344249957282303,126066.30868641667,2146980.8061514166,10225.624517826514,10678
2014,61,4.420366047024808,3.794131484702719,5.1444356891611935,23995.31862025,542835.5562635,3575.494035666837,4451
2014,63,4.626673230285207,4.114815384558225,5.198750859391377,58767.839840500004,1270196.4654823334,5784.946097794614,6300
2014,64,6.52805374701212,5.718799000321168,7.442784206527284,18409.475782833335,282005.57924725,3162.682604678086,4035
2014,65,6.072795049814678,5.652539058976851,6.5221363576002,138445.149195,2279759.94676825,11599.57680392612,12134
2014,66,5.0850350112830665,4.427818686648274,5.83384667258038,26755.972281333336,526170.85667975,3763.5771614696787,4821
2014,68,4.324782595480756,3.7408161825790187,4.99517944670306,22910.57769441667,529750.9687159166,4056.289906820246,4613
2014,69,7.531613919930563,6.634611968141973,8.538799569367328,41478.70297533333,550727.9504273334,2957.4052553501824,3849
2014,70,4.132649177949504,3.670196591364766,4.650558646920808,33732.142815666666,816235.3338785834,6350.556113298094,7086
2014,71,4.677515330281801,4.222453924951108,5.178967632151277,90909.83122625,1943549.6157053334,7502.1337001077045,11549
2014,73,4.759200902744425,4.197413541462594,5.391946772394834,30977.5444715,650898.0205823333,4894.53283745646,6280
2014,75,6.243817350983904,5.7633151317893745,6.76150589585917,116106.57177233334,1859544.6542656666,9036.44798736295,9923
2014,76,10.073766869032436,9.267161038866009,10.942112315186659,53926.967288416665,535320.7791039166,4964.604748177575,5799
2014,77,3.2862834946114994,2.698276632486743,3.997164541041165,1088.0876840833334,33109.97623508333,2917.0132240756075,3762
2014,78,3.7689936476798898,3.3369974326964944,4.254453177509646,26295.492201166668,697679.39824875,6639.761080679358,7975
2014,79,8.470439445135975,7.58133756134129,9.453145493495892,17325.435442583333,204539.98348966666,3404.8550976632687,3894
2014,80,5.3044542201537395,4.923368998731906,5.71326418692306,105626.400624,1991277.4479735,12381.924140089042,12830
2014,81,8.439702445134822,7.495788523113394,9.490285044060855,38583.63673391667,457168.2116134167,2989.580345324996,3527
2014,82,10.20173734131099,9.315146340700602,11.162325046643765,135578.70154358333,1328976.594943,4128.325985988965,4666
2014,83,9.454680405225766,8.366620914924306,10.6677664017839,41371.27211825,437574.5170125834,2487.68102322723,3003
2014,84,10.386255121291615,9.229470729065607,11.66938680379166,10147.953767416666,97705.60850766666,2404.988510622872,3082
2014,85,10.907074784518047,9.746192521969741,12.187559239573401,15981.002236333334,146519.59899475,2507.381107385962,2975
2014,86,8.085592300626697,7.25241594625711,9.005192567146409,26085.99487833333,322623.17846908333,3722.2678358207454,4508
2014,87,6.044933475243494,5.303796617120925,6.882108005941387,28487.58226125,471263.7844224167,3512.5198499831927,4275
2014,88,4.825867431634545,4.206709454066311,5.5308935775316295,17343.39220025,359383.93347816664,4038.042126196844,4542
2014,89,4.182040116841117,3.6137003462519446,4.835280697220209,18949.844041416665,453124.39651416667,4142.357065666562,4807
2014,90,8.589330859879256,7.381380780046726,9.973672728615442,29354.62828316667,341756.86979625,1799.840914694459,2465
2014,91,13.068679741193936,11.801887374303105,14.449170915869908,29642.13849275,226818.15669041665,2491.701787968158,2957
2014,92,3.9219759776211465,3.547306033568108,4.3344405767403265,81212.14074275001,2070694.4970124168,9362.923842312703,11217
2014,93,19.15190137317124,17.535041729237,20.880098744066526,24042.466423500002,125535.66330066667,2124.847599347866,2466
2014,94,5.110934191513612,4.544323810619749,5.743941392512715,41515.947660833335,812296.6585985001,5190.368068967336,5966
2014,95,6.263307323194016,5.479962687340391,7.150158071478847,16197.959813916666,258616.7176235,3242.589112764541,3689
2014,96,21.454804741276224,19.537569409317694,23.505219114795747,135657.58416308332,632294.6575323334,1642.8920035889023,2408
2014,97,4.957702206886363,4.331234505105579,5.669412156120104,33877.777820166666,683336.2797206667,4055.838742764322,4631
2014,98,7.426506322854302,6.669639882291559,8.26165856002056,37294.58129758333,502182.04464208335,4174.293781780542,5069
2014,99,8.732771874697736,7.742031231312016,9.836778640448351,7497.752078583333,85857.64275266667,2795.3425191887245,3237
2015,1,8.044230157349077,7.406299740820428,8.731926024590305,93389.62492733334,1160951.6771721668,6473.397663232657,7103
2015,3,6.015015358627992,5.589757676513967,6.470408504734114,163797.85143725,2723149.3466146667,11209.956827012982,11766
2015,4,6.212162982938477,5.7748180711367105,6.680281169864839,93292.28536733333,1501768.15424125,10928.317829864327,12209
2015,5,6.883382088539035,6.2589465536268305,7.565088034979269,72894.31395591667,1058989.7962701668,5780.322048138356,6410
2015,7,5.632662676165014,5.110222451591522,6.205021565031904,78560.20896616667,1394725.9667900833,6824.678563735114,7396
2015,8,5.286943202881227,4.704157937066731,5.937429724435679,38582.98192233333,729778.63468075,5070.314538912535,6202
2015,10,5.827026325348308,5.0375619729987555,6.731442000456414,23999.23360375,411860.7376004167,2948.5153351102595,3849
2015,11,6.829811237437858,6.124888880311037,7.609287888664699,40975.717691,599953.8825669166,4444.903027727417,7361
2015,12,7.50427045554163,6.69972889795112,8.396730990426178,39502.064639916665,526394.4693084167,3709.704811273735,4327
2015,14,4.075064248590224,3.576008773892293,4.640414444212476,32870.59393916667,806627.6243506667,5318.414885947777,6152
2015,15,4.650538436563076,4.2503259836459275,5.086433193641334,29014.599092916666,623897.6301066667,9760.555388985722,10400
2015,17,5.553895466346862,4.978219467652974,6.191804157356514,42450.168948000006,764331.43557025,5483.238529298103,6000
2015,18,7.2360225138898375,6.662208860353637,7.855099255744009,95555.94194625001,1320558.9363884167,7254.879261601829,7840
2015,19,6.840143626937357,6.139016951848976,7.614848422566646,41838.105155666664,611655.36043575,4502.8463920061195,5343
2015,20,4.4729012713026854,3.9839092968858916,5.018775733048638,52141.9896855,1165730.84275375,6145.343754545015,7252
2015,22,4.246853883786303,3.8396016514653226,4.695192738295047,74735.77891525,1759791.6236435,8551.684275050744,9887
2015,24,5.602043503152577,4.969798123078887,6.309381368689887,30362.28573166667,541985.8970138334,4538.63494351473,5666
2015,25,8.175658135486158,7.573619597507659,8.820986261213209,103235.18404758333,1262714.0511110001,7419.028350353351,9444
2015,26,30.56925844608307,28.517934429030845,32.700635385557455,66879.30553150001,218779.61367450003,1860.9847405600187,2597
2015,27,5.707658089828255,5.032233579333024,6.46756395756958,30277.541752083333,530472.2405506667,4024.20006575829,4908
2015,28,5.55061443717849,4.9687761978197,6.196142972160964,39222.594972666666,706635.19177175,5358.058107594261,6002
2015,29,4.288810770281304,3.7464027000180233,4.905746793115071,23379.80860525,545135.0002955834,4708.421390607417,6071
2015,30,4.438038996862445,3.8567485267812,5.10229221005963,8265.96808225,186252.71404991666,4215.507863778912,5313
2015,32,7.668119090179933,7.123963336767806,8.250147376027243,105420.13316758334,1374784.7670048333,8583.710883811673,9337
2015,33,5.325735723923305,4.740597470473818,5.978565502894362,35802.604369583336,672256.4961073333,5066.6410052410465,5939
2015,34,5.281170942530534,4.694171606702195,5.9370010845154795,16901.48173733333,320032.8472843334,4987.689221295825,5797
2015,35,7.239226042397736,6.636952166123458,7.891533978064014,65639.13381833333,906714.7984315833,6562.235901091024,7012
2015,36,3.418246030732103,3.039819455786715,3.8419161813780933,60333.720328083335,1765049.0861584167,7906.315371081207,8796
2015,37,7.4752756883847455,6.6612279130464715,8.379874261460104,31555.941514416667,422137.49472075,3604.232271876886,4249
2015,38,4.211355178216611,3.7463808386207624,4.731202234403361,24091.856843583333,572068.98549425,6407.18407321718,7608
2015,40,2.0697016295940167,1.8539133088086042,2.3100157096565437,62148.11432483334,3002757.18181775,15010.761381655448,15636
2015,41,5.076211295724373,4.532974739387791,5.680676067114001,50106.435767,987083.3353450833,5633.196440374173,6367
2015,42,4.076269478343056,3.5938869564598424,4.620295845354808,24419.3226655,599060.5575818333,5719.815763526204,6903
2015,44,4.286517941243298,3.4980529404541896,5.243048070323172,3998.29908975,93276.15431816666,2085.901495772992,4619
2015,45,1.7807671920342039,1.6235117095107716,1.9529522653391103,123803.42965125,6952252.389029417,24810.260938026007,25930
2015,46,3.279471874553072,2.982490789770259,3.604925992172177,135817.57804566668,4141446.6487588333,12602.822952863058,14104
2015,47,7.667395010646653,6.765960371042812,8.677750356823402,34298.597234583336,447330.5103879167,2982.164856341403,4277
2015,49,4.546776749545491,4.015989463906719,5.143957746160373,14830.015826333334,326165.47156875,5255.894224496329,6143
2015,50,6.857478828970441,6.299403706603708,7.461057990949714,98856.0085325,1441579.4929598332,7280.356599663744,8231
2015,52,6.768486129584736,6.161506077093296,7.430525993490648,70972.14592350001,1048567.5018714167,6028.583136291626,6680
2015,53,4.825568445279382,4.310958534752859,5.3981431389784476,48516.18347716666,1005398.30752225,5983.784443243447,6522
2015,54,6.188968724236829,5.558340744304539,6.885928579020642,23862.857015416666,385570.81282325,5070.589888542963,5800
2015,56,4.6705926929066495,4.040598958910917,5.393291797503894,32779.539216833335,701828.2554720833,3752.813639084313,4579
2015,57,6.248561004713063,5.786091027267682,6.745348730257739,81423.79311941667,1303080.71023075,9791.052469546676,10864
2015,58,6.90103089667517,6.105780038945693,7.791264853649615,23124.06732558333,335081.34758133336,3482.3137907104106,4167
2015,60,6.115218379681283,5.666555353225192,6.596921110779971,130836.66517941667,2139525.64006775,10200.94597939725,10736
2015,61,4.659565410504445,4.024018308801382,5.3898527946177115,25315.81954275,543308.5988165,3673.01927996822,4565
2015,63,4.686771346148031,4.1744381609250665,5.258533157171481,59527.128217000005,1270109.502268,5854.241226478396,6377
2015,64,6.348680067592145,5.54556814720817,7.259160439913896,17789.348851333332,280205.47045900003,3119.6970660054535,4025
2015,65,6.515636851273538,6.081093106095116,6.978924905257679,149422.1044655,2293284.7222185833,11618.869075564538,12218
2015,66,6.160668506656755,5.453023782201076,6.953391336844389,32495.153939083335,527461.4906478333,3955.0380956681606,4954
2015,67,8.418458553240582,7.445181303678547,9.505900757710805,16664.81215625,197955.6239525,2794.4564829105248,2974
2015,68,4.618149528687695,4.02831343648041,5.289590824707037,24470.953450166668,529886.5551700833,4268.741701291127,4709
2015,69,7.6928700397179455,6.747566679086141,8.758168159673057,40392.26658733333,525061.08095925,2704.9618002665425,3671
2015,70,4.133758103741899,3.671846765900752,4.650971426069768,33725.76590716667,815862.1056379166,6368.200381622833,7000
2015,71,4.942430249726844,4.476617839783645,5.453945147884713,95596.11016508334,1934192.3979679167,7570.660740850381,11453
2015,73,4.9149216647448375,4.351437136326221,5.547142226818448,31923.706923,649526.2610590834,5035.508723121885,6386
2015,75,6.975331216531308,6.463217685327723,7.524757773046765,129537.39770416668,1857078.8064825835,8855.128942226529,9851
2015,76,10.371663169798042,9.553004174603217,11.251750828827829,55466.88618958333,534792.5909424167,4952.496985225957,5915
2015,77,4.076141026404646,3.3919043859583704,4.891417655438977,1302.9609359166668,31965.5509335,2688.689501160041,3552
2015,78,5.337712302979991,4.829095115792093,5.896579792731202,36547.578853666666,684704.9218681667,6824.708033391043,8015
2015,79,8.6494337083837,7.757430980103303,9.633293354605154,17837.102852,206222.78236216668,3454.7221677872217,3991
2015,80,6.12025163533693,5.712321533333562,6.555287640659553,124573.30914275,2035427.8968448334,12433.467449127831,12961
2015,81,9.219586372483523,8.254749490499183,10.284554224150034,42290.93382416667,458707.49636216665,3125.1860566068603,3582
2015,82,10.779537335951158,9.836221434434899,11.801478314840157,140885.32296658334,1306970.0356870834,3828.6200734781187,4476
2015,83,10.168720323033876,8.986369190073523,11.487001301532423,43755.2579795,430292.66800058336,2247.47016518349,2808
2015,84,9.757504233516984,8.649409135418734,10.990480453251353,9630.154202083333,98694.85035941667,2471.95133201202,3072
2015,85,10.668936546548386,9.515144110697792,11.944168156622164,15404.468805333334,144386.16949425,2484.460386066085,2984
2015,86,8.76079124192721,7.892273209368786,9.714805984590003,28035.584807,320012.01755416667,3702.0022408668387,4547
2015,87,6.977308892864276,6.1944506330993425,7.850824853624373,32736.956544916666,469191.7334833333,3642.1785577761243,4412
2015,88,5.309080640521547,4.663558184271887,6.038296034526729,19170.72475225,361093.1166863333,4098.734719826293,4543
2015,89,4.235016837355519,3.6577671939912753,4.898732888915023,18970.4054115,447941.6762684167,4062.5769785464354,4711
2015,90,9.318625530482887,8.000456695820803,10.8284154123338,30906.058153666665,331658.97752375,1627.251023832183,2296
2015,91,15.155827059350452,13.763887865876962,16.661335841152326,32881.53444141667,216956.38458166667,2353.3468952591297,2793
2015,92,3.973920180269288,3.5999731029987547,4.384944113219183,82840.88893983333,2084613.8115995,9533.498591505786,11312
2015,93,18.721390053990135,17.155528719049297,20.394989114895388,23617.158366166666,126150.66668691667,2226.6769784412036,2528
2015,94,4.9860236878399435,4.421440406241339,5.61846194345517,40710.81057833333,816498.53925925,5092.891355976554,5909
2015,95,5.853393777235475,5.11768186320486,6.687416323168385,15404.502155833334,263172.1483653333,3446.189663890311,3839
2015,96,17.135846994412734,15.340328904324826,19.0941237099226,105849.87519466667,617710.2026481667,1547.4900312390398,2161
2015,97,4.934335136078903,4.309508147857032,5.644410847422387,33102.71032391667,670864.6537175,4057.636284487942,4569
2015,98,7.3417082279635535,6.589060686244165,8.172806316828408,36748.91462908333,500549.9195556667,4173.824017484403,5014
2015,99,7.88991812392767,6.934324307001802,8.964514135908228,6670.5443365833335,84545.16551133333,2714.833526773476,3195
2016,1,8.630188776559674,7.956755164284413,9.35482667860215,97865.59476591667,1133991.35638525,6203.467614588202,6881
2016,3,5.820559394425387,5.396997788099275,6.275157565614266,161108.23344625,2767916.66451425,10932.517159346386,11709
2016,4,6.070424149497886,5.63526892417759,6.536854311340064,90013.86470066666,1482826.6111868334,10787.781189058913,12123
2016,5,5.919573054335565,5.340948142901937,6.556542747613324,62215.754477083334,1051017.59714775,5800.727160966713,6397
2016,7,5.652331453660456,5.1248662060918475,6.230519723504834,79182.83316491666,1400888.0019525,6713.4137389610605,7365
2016,8,4.938681781680603,4.386417660508365,5.55643699964626,36323.50969033333,735489.9808501666,5282.409858297554,6309
2016,10,5.934375574343327,5.143622557638992,6.8379313663081716,24539.472072333334,413513.9706766667,2997.4372109354504,3863
2016,11,7.106295827694003,6.367369623842538,7.9237168230801975,41126.20479525,578729.1409256667,4194.510941976497,7202
2016,12,7.668834013841246,6.851645893725969,8.574515361902163,39772.56281075,518625.94416525,3671.3195618097643,4238
2016,14,3.9739812043322513,3.485329307641041,4.5279292037992676,32691.830216166665,822646.8253178333,5411.705514667626,6309
2016,15,4.598695827665758,4.203643512649155,5.028925595980698,28701.037189833332,624112.5368015834,9912.012250354734,10523
2016,17,5.560733228713499,4.9835704013941236,6.200377184665877,41243.44439933333,741690.7573693333,5460.580105215277,5920
2016,18,6.825918910404859,6.2716929169869315,7.425241570763832,89135.12970433333,1305833.4104799167,7351.533821742279,7824
2016,19,6.613488469555994,5.924803724159678,7.375947865067206,40467.51826675,611893.6844455834,4514.444894505601,5431
2016,20,4.476675782750233,3.991906914289667,5.017237552138861,52388.61021175,1170256.96642175,6264.912180182787,7253
2016,22,4.280371782854521,3.871531298300922,4.730262031388629,75599.80451908334,1766197.1518900834,8553.092957513518,9881
2016,24,5.533715251388177,4.893723609697433,6.251901860399981,29170.653834416666,527144.1067933333,4365.120064488176,5442
2016,25,8.821459340474838,8.191605599909977,9.494734090273798,110392.479147,1251408.3541766666,7282.2935725883335,9353
2016,26,30.287125051863264,28.25628279155758,32.39801536604187,68354.42836566667,225688.07124683334,1888.1769897719405,2617
2016,27,5.930149218436087,5.241885737558196,6.7023902272655835,31119.272837083332,524763.74018275,4028.0113746914813,4848
2016,28,5.796636563972944,5.1986455075820786,6.45872716464316,40071.69924483333,691292.2485754166,5294.336626054791,5973
2016,29,4.1877186541689895,3.645490263009009,4.806574618536787,23290.804633166666,556169.2787069166,4589.439651486366,6146
2016,30,4.08249013502005,3.5251104268174585,4.723685868526692,7326.742922666667,179467.4985205,4205.144177405024,5304
2016,32,7.862040327508621,7.309461423575149,8.45258355206517,107723.23239075,1370168.9116734166,8523.704100445146,9243
2016,33,5.373182183815294,4.782782026586284,6.031846144070819,35999.16643975,669978.51939925,5018.79353480546,5942
2016,34,5.4996765528577125,4.907022959175813,6.159272610461488,17623.637112666667,320448.61080983334,5103.414833068129,5872
2016,35,6.849535155619346,6.253425902337099,7.497923811987804,61724.08200633334,901142.6411279168,6337.498495660256,6742
2016,36,4.0834444535910785,3.6685752095378508,4.54301754516389,72173.41402808334,1767464.08205975,7887.495287635974,8749
2016,37,8.332167638608592,7.4721479720696955,9.281243753091134,33944.87309658334,407395.4650083333,3590.8508034432775,4126
2016,38,4.295846681865556,3.8223794854363953,4.825018711845934,24519.60122475,570774.5885870834,6299.763155485334,7474
2016,40,1.6360432760271344,1.4450270115594093,1.8518352872126136,50200.7305815,3068423.1473023333,14993.740674825916,15588
2016,41,4.609237180789013,4.085429864223912,5.196565050037893,45825.42292308333,994208.39339925,5486.2476176371,6295
2016,42,3.9687822772703405,3.4984913155469624,4.499345349746042,23942.516877916667,603271.10950475,5863.782061945214,7083
2016,44,4.413549962503631,3.6353649011718114,5.34906655678524,3990.3396467499997,90411.11306433333,2222.2662681860966,4625
2016,45,1.7704635094817611,1.6161195515923634,1.9392572014313048,126270.96321,7132085.046303,25639.783205593212,26847
2016,46,3.3198169805759856,3.023011747490746,3.6446679368590127,140198.82495258332,4223088.976677833,12783.84809704949,14298
2016,47,7.6385750689355865,6.738880246591315,8.64724909748908,33113.49961841667,433503.6223324167,2982.593754263748,4297
2016,49,4.854462419853877,4.299935642293708,5.4764095897471305,15601.933256666667,321393.63553125,5140.736243885152,6005
2016,50,7.4001960892414935,6.8223765458986145,8.022740256366202,107552.42601491668,1453372.6501015,7314.068840038835,8287
2016,52,7.127495269716812,6.509292871432945,7.799511673150667,74413.83371325,1044039.0473413335,6116.980100636467,6806
2016,53,4.911516085855434,4.393216051023765,5.487454154592997,49263.094519583334,1003011.9754968334,6006.271742698714,6552
2016,54,6.4270379176547205,5.780343027311921,7.140600670729133,24730.221250083334,384784.11932425003,5002.561698008835,5765
2016,56,4.590764910489615,3.9840254193270015,5.284820709811077,32507.624080833335,708109.09978325,3991.694091267577,4671
2016,57,5.819932101558934,5.379224495434979,6.294344030366944,76289.22793591666,1310826.7691900001,10067.027676764774,11049
2016,58,6.693759434282375,5.919155772208708,7.561583486574299,22343.524039750002,333796.34059325,3565.3163064017717,4223
2016,60,5.782497448300258,5.353384103360563,6.243738294426157,126327.53293975,2184653.5008309167,10570.259167420001,11128
2016,61,4.427043706182319,3.7983190323439135,5.154263460645189,24107.24890741667,544545.0848780001,3550.9885657868813,4461
2016,63,5.107961568683418,4.568601334987698,5.70718955207729,64318.22831808333,1259176.0422085833,5757.220811948054,6264
2016,64,6.3078002738272865,5.51079221978877,7.211279884303452,17560.279372166668,278389.9078895833,3148.9590007447896,4047
2016,65,6.1699530038734425,5.741367334199091,6.628282262471652,137590.08252491668,2230002.1157136667,11317.678689653707,11903
2016,66,6.026077394016487,5.311629966352004,6.829691126549524,31032.642122750003,514972.51186258334,3785.1237365924767,4822
2016,67,6.200437217961425,5.355664071782899,7.168367902627826,11982.31259275,193249.47856966668,2728.4998798814345,2927
2016,68,4.5395344722088,3.9502770068485016,5.2119210485329095,23923.028261,526992.9858988334,4197.683236195455,4698
2016,69,7.213496474302526,6.309428229443394,8.23572003384555,39416.403058,546425.7617428333,2778.3032430944454,3753
2016,70,4.0962764472263835,3.6416485754334293,4.604948246396483,33454.67119725,816709.3121828333,6521.859847597665,7143
2016,71,4.6263670420377565,4.1728265260910185,5.126565262678189,90536.965352,1956977.570723,7467.633775444775,11527
2016,73,4.553055447279894,4.003718609868994,5.173702757707697,29666.37079825,651570.6022419167,4892.566001112006,6400
2016,75,7.0582490263051385,6.542114059390619,7.611787563784045,130628.07452475,1850715.0149834165,8816.65164196442,9828
2016,76,10.752928856124372,9.91793316923494,11.649132432991163,57326.31297783333,533122.7774764167,4922.517142589004,5845
2016,77,3.696811209961981,3.001342390433017,4.545881021280967,1183.4191284166666,32011.889739666665,2312.1825580933664,3097
2016,78,6.666035725572157,6.093263435540413,7.28847031022778,44835.55606158333,672596.9962865,6700.0630046516235,7912
2016,79,8.869647592163565,7.9534426954165225,9.880066880600465,18470.5852065,208244.85995158332,3350.2226543449924,3844
2016,80,5.768109619356569,5.373549403062536,6.189745887775438,117421.23483025,2035697.0061076668,12547.100951489734,13050
2016,81,9.565626458620606,8.56100949438028,10.67437100040042,43263.92842216667,452285.36373775004,2979.5561111625757,3431
2016,82,10.934619574556843,10.003900738427856,11.940439864422165,146884.595374,1343298.6339623334,3992.567205809068,4570
2016,83,10.318409512326971,9.144047146044123,11.624297734010298,45029.316457500005,436397.84216458333,2314.108807823071,2906
2016,84,12.096164575788402,10.85199445747162,13.461438320070338,11759.274628500001,97214.90274725,2400.810289102604,3017
2016,85,10.59074552951942,9.45178179772549,11.848997225724009,15324.475697916667,144696.85495891667,2534.3698175732657,2992
2016,86,9.22669354992431,8.342069927934176,10.194691982793142,29252.717901666663,317044.4292246667,3753.383920422217,4611
2016,87,8.67621579927356,7.789840236593689,9.65289048703912,39532.46166475,455641.75188058335,3512.108782595266,4339
2016,88,6.041416470261258,5.342290117114171,6.825437801603329,21442.658802916667,354927.67149008333,3974.3700216674474,4458
2016,89,4.213139367012072,3.6308022154821504,4.884142762953699,18755.486168,445166.52629275003,3963.583592674234,4662
2016,90,9.805864392080514,8.518756650286752,11.26349867450569,32090.026953416665,327253.42377091665,1807.0686341126525,2377
2016,91,14.469512086436035,13.137917272951686,15.911348199555084,31058.96239416667,214651.06914891666,2472.343177089869,2836
2016,92,3.754685803738607,3.387423845293576,4.160051489786658,78385.91108791667,2087682.3037993335,9320.677758082395,11160
2016,93,16.751557256113582,15.253726767816541,18.364594247312034,21749.8959905,129838.05420575,2213.4383029327705,2565
2016,94,5.268225435761962,4.678911771362838,5.927148397981146,41946.44315108334,796215.7971893334,4933.294106295497,5750
2016,95,6.273137802839619,5.5021324521540365,7.1440151651131725,16393.24547275,261324.49163366665,3359.9626303880864,3783
2016,96,15.783561841204577,14.031703749970706,17.70908416875856,98083.01311641667,621425.0883495833,1509.8960954740874,2124
2016,97,5.237139724401574,4.570888909250217,5.994402832621859,33768.42807291667,644787.61022125,3774.8719137775797,4364
2016,98,7.178831149393289,6.425413126685873,8.0130269178364,35114.88159583333,489144.83242583333,4068.9574363557504,4941
2016,99,8.056302799675999,7.097809038441148,9.131509864029942,6795.960239749999,84355.81939675,2757.19745065643,3282
2017,1,6.942679903613345,6.326017190488077,7.614568721204227,76461.167803,1101320.65520125,5986.185311316558,6659
2017,3,5.671937778944928,5.271487188264222,6.100849575809031,160069.57387275,2822132.0492434166,11962.230852105162,12596
2017,4,5.694419806897195,5.2764555456426425,6.143345050093766,85288.42378841667,1497754.4101176667,10990.516676041008,12479
2017,5,5.323262731527366,4.779536619296839,5.924994950377912,55355.11866766667,1039872.00067775,5913.599185284974,6547
2017,7,5.1602545072735095,4.664814659432174,5.7051650207273585,71316.20113366666,1382028.7552318333,6959.882748566773,7482
2017,8,4.762677116824676,4.224762294677606,5.365244828672279,35106.2824635,737112.37613575,5371.859884741422,6526
2017,10,5.852652321234422,5.06786913347909,6.7503214263219204,24217.744496083335,413790.93045075,3000.788740565965,3899
2017,11,6.387805065507803,5.688204734800638,7.166911537399372,36515.904811,571650.2685433333,4210.536158434379,7107
2017,12,7.46024916114429,6.687022709648143,8.314917451897568,39642.18696875,531378.8603096667,4009.199076133809,4596
2017,14,3.927502029654739,3.4501706546751354,4.467816308542172,32410.486426083335,825218.8332779167,5616.27424681913,6509
2017,15,4.416321304224652,4.026478098926914,4.842004820148725,27048.00646825,612455.5847505,9767.715848883121,10379
2017,17,4.828153134236278,4.293292882732859,5.425868893702277,35681.31521666667,739026.1705589166,5517.5772748512045,6052
2017,18,6.011726908492189,5.483932855386251,6.586777812445149,77879.98575691666,1295467.7905761667,7147.677808575709,7748
2017,19,5.289768814189259,4.678017305060602,5.976504182220864,31061.43478916667,587198.3423140834,4577.2114364777435,5401
2017,20,4.335136148177879,3.873844262095347,4.848587359177499,51378.37435708334,1185161.7250516668,6722.460858865749,7777
2017,22,4.208952678605334,3.8137966206658462,4.643075355469187,74246.29922,1764008.885094,9024.625854857362,10516
2017,24,4.647189590677751,4.0722092517538115,5.298870442181172,24717.18803625,531873.8896694167,4539.047440640553,5678
2017,25,8.64459064019161,8.012041460566712,9.322018598847274,105178.37142283334,1216695.8020409166,7075.90115003085,9082
2017,26,26.79025689445883,25.08101319439686,28.57156098674598,66533.58082825,248349.91724925,2470.7293733837805,3352
2017,27,5.1764128421261955,4.548392089840707,5.885800741604707,26933.81556375,520318.15052616666,4228.52922647055,5081
2017,28,4.514480648199874,3.990804072531652,5.103221931305459,31184.38619225,690763.5367688333,5367.1424865397,6002
2017,29,4.026645756583798,3.513000111116069,4.611803338126032,22346.469386,554964.86994075,4935.326933747285,6514
2017,30,4.208953223202138,3.6416316288620543,4.860198703711862,7356.93346375,174792.473891,4188.157472067193,5271
2017,32,7.103789708382098,6.571721288885962,7.675397175419704,95011.80155291667,1337480.49214925,8331.413720316275,9011
2017,33,5.24566866761549,4.6505930756451335,5.912166969851218,34582.10985958333,659250.7466794167,4810.36736137895,5798
2017,34,5.254982727858682,4.679596602221457,5.896739636567701,16664.230274166668,317112.94093933335,5175.731037596628,5941
2017,35,6.376220710635441,5.796467269888814,7.009645453503962,58534.17885525001,918007.41397825,6240.797486683322,6815
2017,36,4.197358274524065,3.7839591874533305,4.653736906499872,72665.99294041668,1731231.6030171667,8183.726020362288,9029
2017,37,8.981780002485063,8.038503789259876,10.023679827297824,35700.5546205,397477.5001238333,3191.5353983471487,3783
2017,38,4.099476563861926,3.6338762238108844,4.62187201064423,23515.661371416667,573625.9496813334,6205.319181110904,7451
2017,40,1.646867710550461,1.4600234881629446,1.8571723801834743,51178.79619866667,3107644.6438773335,15831.028575649463,16621
2017,41,4.5823217531839635,4.08769925983852,5.13359145107197,47059.555121833335,1026980.5931705832,6156.043821505458,7038
2017,42,3.8791207603083473,3.415871519598803,4.402330786437428,23502.325937916667,605867.34443525,5905.736180425882,7088
2017,44,5.265314290788824,4.467718677056257,6.196064788998953,4801.33892425,91188.07841441667,2577.3098625577936,4649
2017,45,1.4154550819487857,1.2822576815341977,1.562269695736936,100579.12154566667,7105779.817978417,27407.86510769423,28662
2017,46,3.225280409800462,2.9429736415094427,3.5336816947737493,140466.8977845,4355184.044081,13767.87628120281,15412
2017,47,6.936008888138382,6.057775588829236,7.930816224747737,29509.585430333333,425454.83874449995,2834.329927230348,4335
2017,49,4.718918029787113,4.173200837705477,5.3320263145554225,14914.267972916667,316052.7027334167,5158.425683924276,6006
2017,50,5.946874434591349,5.430107742239695,6.509435131427621,85227.34322091666,1433145.1615183335,7387.006740062345,8299
2017,52,6.908267612354282,6.304591189057226,7.565080088846512,71033.18417608333,1028234.4020525834,6226.772428570369,6910
2017,53,4.4730244741728775,3.9897032881811,5.011839820206933,44805.84585075,1001690.156391,6299.164175645113,7053
2017,54,6.470448624998798,5.824878913538188,7.182110134325177,24598.491529583334,380166.707986,5056.301690257125,5972
2017,56,4.553488413111205,3.9427490035732142,5.253658318208345,30631.1490615,672696.3216443333,3900.439775755824,4576
2017,57,6.043159091872397,5.588975452099241,6.531698113462922,77263.6036055,1278530.0276044998,9826.257076193346,10912
2017,58,6.528929932763742,5.733943725945978,7.425455224053884,20848.40622416667,319323.4793276667,3285.381138025156,4142
2017,60,5.611933318161341,5.188302643190413,6.067940156908079,120974.54744075,2155666.1596325836,10529.520768356986,11156
2017,61,4.0812786314653735,3.504315107540191,4.748560949468325,22378.645150916665,548324.3652708334,3902.2088607677247,4844
2017,63,4.768773826447976,4.250652918873673,5.346523080520017,58206.87295325,1220583.6357855834,5824.054263956036,6304
2017,64,5.867841130642082,5.103053890036124,6.739106354262874,16263.9470945,277170.8833350833,3180.5139574788486,4193
2017,65,5.472064683054889,5.062634314947806,5.912544756079201,119259.86852491667,2179430.89916725,11014.120247840156,11577
2017,66,5.646614639865813,4.982633649172759,6.393123737539853,29208.14760141667,517268.30081875,4125.2173467711145,5174
2017,67,4.540517917468407,3.8421368059503123,5.358768574668075,9692.258137833334,213461.51064716667,2909.8381991305255,3179
2017,68,4.360343308672353,3.8048440435005983,4.992734949904574,22778.178764333334,522394.15917158336,4556.372979928825,5065
2017,69,6.310799876955467,5.438006173539279,7.312842851149071,33361.326935916666,528638.6446469167,2593.159857662822,3718
2017,70,3.8283250983459234,3.392463245181539,4.317683469786745,31101.727635666666,812410.8281479167,6627.116724314216,7439
2017,71,3.9462292394656435,3.5371475076336103,4.400464233997424,76830.8267035,1946942.8165785833,7832.299423874063,11797
2017,73,4.407990859222441,3.869354224827617,5.017695075383047,28202.929531083333,639813.7027003333,4924.983226510858,6272
2017,75,6.635994200269573,6.148167331818309,7.159574959573494,123695.47291933333,1864008.1529050835,9314.363559283911,10341
2017,76,10.714335010288261,9.87963508375494,11.610470705630672,56942.935403083335,531464.9518463333,4909.070586620494,5834
2017,77,2.995212958501179,2.389732982978499,3.7482108453375123,925.3650226666666,30894.798983833334,2444.226740999379,3569
2017,78,6.566773432000448,5.991753831417195,7.19275458078563,43667.3991665,664974.9624938334,6544.113114683938,7859
2017,79,8.506162016870105,7.598966560521703,9.510514726467017,17687.135850833332,207933.21142666668,3277.372544153223,3744
2017,80,5.6258671509772356,5.237156871086909,6.041588766592901,113935.51825725,2025208.1181380001,12617.630191218583,13133
2017,81,9.570658987872832,8.582017869017724,10.659910358156319,42227.297393583336,441216.1946955833,3083.471144834731,3507
2017,82,12.0389862414539,11.070583015939855,13.079641623713794,165165.21898425,1371919.6589455,4032.734823828352,4607
2017,83,10.387280038451609,9.353236516369284,11.521112111401177,46104.096649,443851.48449191666,3046.0200971491763,3500
2017,84,12.059845387296516,10.809230263761638,13.433362178675337,11682.33102575,96869.65836275001,2367.900831617994,3103
2017,85,9.943870235753009,8.819213767619024,11.194338967333074,13922.7437015,140013.32852716665,2442.2471622886815,2897
2017,86,8.566915433542563,7.671575970719339,9.55593372733752,26083.70833233333,304470.2440998333,3394.2258852180744,4198
2017,87,7.821674951377346,6.971106458721069,8.766244800048604,33840.96290033333,432656.2163565,3443.476870806624,4146
2017,88,6.109045109653991,5.402038344724383,6.901832285617228,21424.50839391667,350701.4272993333,3927.2494226653207,4415
2017,89,4.235260284476578,3.649778144930962,4.909876952758548,18609.316799333334,439390.15666975,3940.8333052534194,4680
2017,90,11.717997638779302,10.377636307621417,13.205968869499507,39657.95519733334,338436.27913091664,1988.6906962771754,2576
2017,91,13.545902679788366,12.22299348781695,14.987544540956502,28492.339479,210339.17157483334,2355.0192431004325,2722
2017,92,3.4566322563085237,3.1067521705078476,3.8443522044407796,71942.70366991666,2081294.691925,9446.21567918334,11549
2017,93,18.442732664260024,16.859191343265355,20.13898359528718,23686.341928333335,128431.84553791667,2147.27844885945,2522
2017,94,4.874500041021601,4.305649192980735,5.514175297061188,37831.303326333335,776106.3290175833,4891.300053940806,5689
2017,95,4.922477282473562,4.244918153626717,5.701746270451647,12839.698426916668,260838.14490383334,3401.205971927286,3832
2017,96,14.032549427706648,12.502125093138444,15.716666428791125,87683.76312033333,624859.8201778333,1794.1295620566539,2525
2017,97,5.064051913297675,4.390653936977054,5.834426964491564,31666.71396575,625323.6441474167,3556.1668084837456,4110
2017,98,7.181550831633918,6.448121775454712,7.9912763344305,35776.7292905,498175.5351909167,4307.900870966816,5107
2017,99,8.282281936253245,7.283073652557856,9.404672207974492,6809.350918166667,82215.87927791667,2598.111937183395,3137
2018,1,6.117587397358571,5.554428771870451,6.73377319832702,68451.69905691667,1118932.9160458334,6354.12422344679,7123
2018,3,5.157901447322569,4.769110755714813,5.576531386881895,147854.86049541668,2866570.0964908334,11541.96393836654,12336
2018,4,4.898823120061923,4.506285712345351,5.323647772135918,73249.99744241667,1495257.0371940834,10728.218040044407,12227
2018,5,5.257528181133806,4.715195999119456,5.858403111870567,54662.99381958334,1039709.0027160833,5867.982696318353,6572
2018,7,4.985454657987233,4.494691595286254,5.526701933620096,70437.98366066666,1412869.8081290834,6846.67723687256,7530
2018,8,3.6303754754647457,3.157578331665003,4.170917444522837,26477.342666416665,729327.9399158333,5254.921921636987,6396
2018,10,5.55056695231826,4.786595845253701,6.428240402908022,22687.570183750002,408743.29376883333,2999.6263917433666,3882
2018,11,6.439555562776943,5.722414416160207,7.239668414332271,35558.10613025,552182.6123496667,4029.7180212592907,6983
2018,12,7.511409795062199,6.715780283072398,8.392818273422375,38055.612796,506637.42006216664,3801.710800153265,4313
2018,14,3.9746407704466815,3.488748234208071,4.525032702424271,32847.39586775,826424.2673699167,5478.520667593415,6464
2018,15,3.9532256363320424,3.5827963298435974,4.360222062713611,24089.466264166665,609362.289943,9670.794556311235,10295
2018,17,4.678327072979399,4.1422101744395,5.2800103385313575,34117.87929791667,729275.2038430833,5306.849011557194,5926
2018,18,5.565796111367388,5.065093789940552,6.11280758419853,73453.68041766666,1319733.5825444167,7368.013100908426,7956
2018,19,5.084143858297666,4.4718753654965315,5.775173422896207,29415.61902175,578575.6627193333,4377.572044753519,5270
2018,20,3.6495835709561253,3.2248878942419297,4.127823158708878,43527.37448616667,1192666.8793821668,6646.894827737756,7794
2018,22,4.119067056158961,3.723069362955943,4.555191521802275,72025.32522016668,1748583.4592683334,8780.802998743598,10273
2018,24,4.178054399242082,3.6166598965696126,4.82223124447882,21348.214806666667,510960.67132441665,4248.83155469651,5401
2018,25,7.537772654020852,6.940203623385742,8.182269957156656,89497.05165775,1187314.28719875,6947.912317418075,8886
2018,26,26.796217617181362,25.04135606105276,28.62709132201809,65500.95786041667,244441.05804849998,2341.477704572803,3185
2018,27,4.643552829537356,4.040704543703526,5.331345381921422,24413.5283265,525751.0622299167,4098.493663592257,4951
2018,28,4.055741869440349,3.5621239304114307,4.614489423821121,27893.453109000002,687752.1796733334,5415.904219160244,6127
2018,29,3.8966226649513374,3.3827466261678145,4.484938394832624,22207.584810166667,569918.7917248334,4754.48633420885,6440
2018,30,4.8434060022747385,4.238503341236896,5.529653008272731,8391.92709525,173264.99350475002,4261.167901327133,5391
2018,32,6.143650483222234,5.635895123924593,6.693906074043422,80887.60044766667,1316604.85355675,7924.226443648454,8612
2018,33,5.0490511776759295,4.4596436817839615,5.71170050462372,32847.4937415,650567.65292325,4711.4207448365805,5688
2018,34,4.478130531743089,3.9362323634752276,5.090678016890958,13689.287877916668,305692.0244035,4946.535833583258,5794
2018,35,5.958400905069086,5.3906522248332935,6.581785544346403,54029.258540916664,906774.4752615,6077.98016285446,6674
2018,36,3.7189863226697906,3.324242616649321,4.158588293229828,64215.599620333334,1726696.3104675834,7922.7517808544835,8859
2018,37,7.855144012717832,6.9599960366261895,8.854463379158748,29672.644907083333,377747.94273716665,3104.453980769904,3634
2018,38,3.9839321507597982,3.5250410604102576,4.499775523250519,22901.209261333333,574839.3394944167,6203.770355396991,7507
2018,40,1.4743971417120287,1.299397706072376,1.6725656494606909,46168.52889058334,3131349.5926188333,16087.360144111555,16870
2018,41,4.148263422044636,3.6698817344694703,4.685970372070063,42128.549759,1015570.7454623333,5934.187321724435,6843
2018,42,3.8279307724990628,3.3601753489563353,4.35786414632457,23361.683850916666,610295.35901625,5701.335434178465,6963
2018,44,5.061379669861507,4.27397786341378,5.984776377809396,4459.6298255833335,88110.95227924999,2534.9281208143234,4442
2018,45,1.3054142889980391,1.1789657283101553,1.445226597697471,93921.856918,7194793.079068333,27991.03627127848,29442
2018,46,2.6753493916570346,2.4186379276098124,2.9584818377377005,118665.53277475,4435515.344081917,13757.622538662357,15236
2018,47,6.707699696789773,5.837516069454076,7.696996174015274,27254.896444416667,406322.5498520833,2788.56236699261,4232
2018,49,4.191360642049813,3.6673271200234203,4.786553979869854,13030.1541765,310881.24571708334,4941.983646625913,5818
2018,50,6.701788766287149,6.1526566577813195,7.296121268474234,95971.73069375,1432031.5671023333,7355.753532184917,8299
2018,52,6.701196450449164,6.09790240174948,7.359499309084999,68441.24974508333,1021328.8067460833,6043.574255643404,6859
2018,53,4.409578771156408,3.9321696246607982,4.941968950071695,43899.709939416665,995553.3672869167,6366.854690785506,7104
2018,54,4.907431208207528,4.339798177714008,5.545005349604217,18135.492567833335,369551.64114175003,4949.504117082722,5843
2018,56,4.400152836087404,3.7985605318998616,5.091978556269961,30080.84712508333,683631.8702018333,3878.7542110538557,4709
2018,57,5.355974590667823,4.925683695776971,5.821552608820062,67472.47932241668,1259761.0048408334,9716.31532072792,10760
2018,58,5.636682154100775,4.908113786917847,6.466046429228147,17975.925563833334,318909.6896435,3377.64221705074,4136
2018,60,5.125183262035512,4.717042690514744,5.566574951780032,110000.69375858334,2146278.252592583,10364.817990469664,10985
2018,61,4.151273325292938,3.547779873734111,4.852259346490707,22305.50023175,537317.0707851667,3609.2748259263544,4537
2018,63,5.01410546472826,4.479840944283537,5.608345197787625,61245.384492083336,1221461.8324826667,5758.92131718477,6237
2018,64,5.334089187703965,4.610823854240502,6.163477059513246,14793.700978083334,277342.58760025003,3229.8214321874325,4196
2018,65,4.790568928321239,4.402224034105902,5.211304400918787,102946.24463641667,2148935.672917917,10719.657561144259,11363
2018,66,5.108085652870307,4.451177334625364,5.855999332866036,25708.9468845,503299.05627275,3786.0548072670085,5000
2018,67,4.218077531889619,3.549648407175373,5.005844778253502,9963.67507025,236213.65408583335,2943.5716135885914,3309
2018,68,4.055681268171711,3.5092304756246464,4.683094474485915,20853.386820833333,514177.16141766665,4356.038644576179,4925
2018,69,6.285817323585323,5.409645228450218,7.29295720689391,33958.07798083333,540233.2939810001,2560.548380447366,3690
2018,70,3.835517769403818,3.4034799147036625,4.319945864542621,31351.83648325,817408.1927959167,6766.0819460996245,7499
2018,71,3.1864606633426393,2.819989825128386,3.598792452279762,62322.47705341667,1955852.7042364166,7838.659875240363,11741
2018,73,3.735885971723849,3.2330205573809807,4.313480741093458,23304.965457083334,623813.6183350834,4752.567554797197,6084
2018,75,5.632818568028598,5.196013309422322,6.103979820317284,105655.64937316667,1875715.4716975833,9917.845105491659,10939
2018,76,10.253928327767465,9.416172849028024,11.15703845297218,54103.88529425,527640.5643263333,4668.600544040121,5714
2018,77,3.1931369558991634,2.5494104644633095,3.9927448448003853,953.4652235833335,29859.82864975,2303.1257589928528,3457
2018,78,5.4805782259891025,4.9503331221986855,6.063995990063968,36035.029828416664,657504.1600088333,6428.7697572100315,7743
2018,79,8.566930945515349,7.6493970976781265,9.58310116618986,18006.061299833334,210181.0019755,3223.435133158877,3730
2018,80,4.935336404831346,4.5660047928217695,5.332872860427629,98146.75169841667,1988653.7339650835,12271.642284749498,12765
2018,81,9.241281534117856,8.278397191735813,10.303580644278416,42020.558457583335,454704.88375933334,3146.0515011423736,3576
2018,82,11.549506998244654,10.589262850913206,12.584571040590992,161284.76295466666,1396464.4809443334,3944.466286658845,4550
2018,83,10.490594246887127,9.457413253462256,11.62215754465727,48168.34033583334,459157.40521683334,3081.5458217624528,3573
2018,84,11.240117182038603,10.029424364104866,12.57652844002024,10550.10306675,93861.14838383334,2364.856302357352,3029
2018,85,9.70808385235403,8.559544270090006,10.992210881496971,13336.675189916667,137377.00861208333,2279.2568699834555,2815
2018,86,8.689780903638967,7.777051058352648,9.698365554044273,25484.783777333334,293273.03024016664,3307.2394063593592,4117
2018,87,7.309476087419883,6.476315403187187,8.240376690311622,31068.926467833335,425049.9775395,3351.8783308818015,4096
2018,88,5.020466258213065,4.350522413727842,5.787333709022062,16798.315356083334,334596.7185538333,3561.58564808865,4102
2018,89,4.187077435755829,3.60019815023621,4.864797787160503,17662.369859166665,421830.5042160833,3870.803863128204,4535
2018,90,10.2407340497125,9.016881674161427,11.609502661518594,36710.38315725,358474.13846550003,2104.0463367232237,2719
2018,91,12.111673231587721,10.83044620402096,13.521484305916218,26013.265036666668,214778.45826308333,2259.992208439051,2781
2018,92,3.3396007802243046,2.996498295349398,3.720482127436557,69496.58439408334,2080984.7933205834,9485.274468459264,11410
2018,93,14.904884973335353,13.471568591176242,16.461687737373175,19328.229210333335,129677.14440541666,2179.661485088867,2505
2018,94,4.819825266247677,4.245662028351914,5.4672022728044904,37023.56488,768151.5995874167,4737.282620038782,5593
2018,95,5.19860936592943,4.486357763659172,6.016814442489326,13371.576692083334,257214.49239325,3244.805145445392,3655
2018,96,13.725623498722713,12.07626147591878,15.560386492109846,86433.02929158334,629720.2403929167,1499.3494159377774,2665
2018,97,5.0158188888766295,4.338814519397546,5.7920632228029465,30952.258955750003,617092.8345198333,3478.7248698463936,4077
2018,98,6.96785699424337,6.242008642644205,7.771114318839441,34817.972506666665,499694.13171700004,4267.141579009822,5006
2018,99,6.84391062796242,5.927820498462645,7.889700507640006,5397.272640583333,78862.40680191666,2552.560384013922,3041
2019,1,5.863101748031847,5.291157082225757,6.4926321921728105,64311.951205833335,1096892.9752485,5884.767916991723,6793
2019,3,4.8424682831486905,4.461511619975182,5.2541648924671644,138418.322469,2858424.9679173334,11282.502226780269,12040
2019,4,4.476799805386879,4.091143126604507,4.8969546906343835,66321.25019425,1481443.2871098332,10134.395675945472,11811
2019,5,4.976436591334238,4.4259709397125295,5.59135935906921,49528.85121075,995267.4027234167,5362.708434332643,6011
2019,7,4.821584177343297,4.3209723889596585,5.376935577371306,68709.59154025,1425041.8329958334,6337.125119256371,7202
2019,8,3.8005400452693503,3.296618450718203,4.378003851459955,26606.045238666666,700059.5947353333,4822.592748093564,5865
2019,10,5.328197918613489,4.538597253724055,6.246180694843573,21602.061985666667,405429.0459106667,2669.5043266603548,3691
2019,11,6.286610768017442,5.569193587436888,7.089506506013149,33336.596834,530279.32003675,3925.17161125413,6895
2019,12,7.654987015863954,6.830255415956529,8.570142205201986,38179.54282541667,498753.8547915834,3594.0387992980964,4141
2019,14,3.889109299653152,3.4043517114289066,4.439720639916988,32196.89362641667,827873.2004083333,5375.748384577085,6249
2019,15,3.7818944720482133,3.4040396223458065,4.199868315627651,22449.82618625,593613.23675675,8847.075874765325,9594
2019,17,4.042027192527663,3.543377194212022,4.6074988453409516,29474.458898166667,729199.9161375,5280.243808140285,5825
2019,18,5.340414085042975,4.827090950576854,5.904938227611415,68002.4441085,1273355.26844175,6697.509416877674,7230
2019,19,4.472694172277252,3.8607739414302236,5.176379741419315,25390.830933583333,567685.3805690834,3807.865091904494,4778
2019,20,3.544188874823416,3.112158938923549,4.0336963184353305,42198.05077766666,1190626.466818,6205.825331651606,7392
2019,22,4.036728395070678,3.634125079531586,4.481859373943002,70177.23242425,1738468.0254917499,8299.74266952413,9910
2019,24,3.7470206623133966,3.214523249740689,4.363751083321599,18706.696553083333,499241.8841249167,4214.906482402519,5249
2019,25,6.580277805303844,6.016519747155118,7.192818094334706,76863.93747441667,1168095.6298298333,6834.512253206436,8682
2019,26,27.680525036072723,25.89800904115261,29.536825700717458,69180.08456925,249923.31062758333,2320.200765490605,3198
2019,27,4.485212269966001,3.888915120307374,5.168024753193718,24033.35196566667,535835.3299485834,4038.0589901426483,4851
2019,28,3.9203177075944504,3.413155345492671,4.499329074081619,26585.69752375,678151.6067498333,4923.525413167412,5740
2019,29,3.6827216081040426,3.173836609348666,4.269602048128976,20625.60161825,560064.09968275,4558.628212045637,6061
2019,30,3.761332762835983,3.2290023321096664,4.377452894277248,6546.974065,174059.95368683332,4235.914372737194,5338
2019,32,5.489986400244376,4.996427746387586,6.02920578924213,70710.12564516667,1287983.62127125,7485.454708844829,8251
2019,33,4.699033439833104,4.108613485048009,5.369547496758413,28962.02745175,616340.1010565833,4341.592048227826,5261
2019,34,4.019855304029946,3.4841044123382585,4.634033193101997,11856.655751833334,294952.30188875,4500.496035128831,5431
2019,35,5.605900737313542,5.0571436463779005,6.21030917208525,51852.59645416667,924964.5843535834,6124.9630746969415,6859
2019,36,3.895559339730669,3.470982632800932,4.369720000846898,66124.08126533333,1697422.00024875,7139.933706081837,8349
2019,37,7.666439046044414,6.754587744209342,8.689915886433862,27357.00884525,356841.14464283333,2909.875836415372,3419
2019,38,3.9373495728823578,3.4663508767661626,4.4693833125550295,22446.52742066667,570092.3173106667,5794.393931117851,6920
2019,40,1.4086213930201543,1.2305158763066177,1.6120852377827086,44386.92384708333,3151089.71559175,14718.089703096066,15792
2019,41,3.9044913437295574,3.4163514318908033,4.459158201794524,39824.52361041667,1019967.0098993334,5319.5352589353815,6394
2019,42,3.7530004235172534,3.2802204977397156,4.290899302684316,22821.765792500002,608093.8773545834,5452.509886110298,6738
2019,44,4.579506193941153,3.8117584932679716,5.493059393869024,3934.8863623333336,85923.8135225,2389.4970292810362,4231
2019,45,1.4639869188968084,1.3299809990686648,1.6112744874349307,106315.86187508334,7262077.31112775,28072.355953576818,28798
2019,46,2.777926380177516,2.5113020960943615,3.0719660991289497,125017.04220116667,4500372.76341275,13229.700311346325,14775
2019,47,5.346703278605654,4.540932844748028,6.286039092619286,21374.61036025,399771.77049975,2564.695393515105,4115
2019,49,3.6166493303086877,3.1186767553981274,4.1906959042770495,10943.464936666667,302585.73439666664,4680.53779743621,5539
2019,50,6.092750404352602,5.556586157641036,6.676992426180268,87041.56701116667,1428608.7765713334,7012.618468632617,8012
2019,52,6.433698034817476,5.827317126587905,7.098421739254449,64603.23008733334,1004138.3623806667,5733.22175543591,6535
2019,53,4.424182913110637,3.9178924648658473,4.992499289255794,40377.653257750004,912657.8636270834,5641.46302868345,6209
2019,54,5.318940967512318,4.68840110863403,6.028917637112556,18450.102914333333,346875.496965,4317.592062449257,5183
2019,56,4.2700546049406265,3.651457419713137,4.9880235650581275,27928.283137083334,654049.7890769166,3531.7641455302237,4468
2019,57,5.148781417132571,4.710908734842601,5.624951263421566,62670.762364416674,1217196.0176029168,8993.906220271921,10083
2019,58,5.052736405375517,4.348149443127845,5.864496651837499,15852.78487325,313746.52468283335,3218.287329476312,3945
2019,60,4.830600579847369,4.423015795133662,5.2736722424555325,101969.62677333334,2110909.9187115,9775.344433162516,10479
2019,61,3.8971925808187744,3.3193622380249352,4.570855306737425,21194.9244805,543851.0938570834,3692.237683623667,4708
2019,63,4.303414929805592,3.798023479135295,4.872651013082478,53006.06265083333,1231720.9359411667,5495.181485682269,6081
2019,64,5.15178559073481,4.417987065543916,5.9998126968768615,14132.487120000002,274322.1135875,3012.6114709152957,4005
2019,65,4.213702830729497,3.8466873807296187,4.6140551594635495,89542.33380891668,2125027.2600124166,10548.206711634462,11191
2019,66,5.204749703371104,4.529971968938737,5.97375194780614,24690.998603583335,474393.5829919167,3648.692459844644,4514
2019,67,3.9090337065593324,3.2759627851175095,4.658551601275165,9603.99427675,245687.16971241668,3037.140097747977,3319
2019,68,3.930877597027692,3.377791128798023,4.57024391447129,19936.851465083335,507185.76127016667,4098.452141107448,4735
2019,69,5.638286145224739,4.779510357132284,6.6406045564641945,29997.913212416668,532039.5673395,2370.5570752511917,3511
2019,70,3.751960581453083,3.3052445697878268,4.256394258500203,30792.369795416667,820700.7810165,6152.330582746758,6903
2019,71,3.002553411296371,2.6343280258804462,3.42044105580507,58697.4716555,1954918.4848690834,7266.820772271678,11167
2019,73,3.7590251565006283,3.2334386265130766,4.366189533822372,22872.16528725,608460.0218143334,4351.085926364274,5592
2019,75,5.087000693193685,4.6687313306938,5.5405647341755575,95417.43892125,1875711.1444650833,9772.78463732158,10936
2019,76,9.22032481216597,8.416358279808724,10.092626399112211,47706.89664125,517410.1521705834,4581.021870770519,5355
2019,77,4.115958854079791,3.321068052442619,5.091086330924691,1251.4363093333334,30404.49027066667,1952.0496425430003,3299
2019,78,5.396080253532368,4.855812554605377,5.992673128205312,34584.80984858333,640924.6753871667,6080.262804623486,7389
2019,79,8.16850043954557,7.249149506781792,9.192889148901536,17293.738828583333,211712.52859166666,3055.895488835238,3559
2019,80,4.414890267359099,4.051747229851432,4.808949193560616,85302.42577341667,1932152.79673175,11324.5291152146,11921
2019,81,9.162189014179994,8.140906909944233,10.297229562057534,39534.397731666664,431495.11181750003,2754.226675854496,3309
2019,82,13.035293383862651,12.0086116976973,14.135650537348985,181975.9389395,1396024.8809189168,3850.8581704678068,4530
2019,83,10.77834931944905,9.712196897601197,11.946052997614439,49114.1429415,455674.0692461667,2963.4946713768454,3482
2019,84,10.904959202258816,9.669894128991134,12.276331649216752,10035.711515083332,92028.8772195,2199.7368987105197,2811
2019,85,9.218437059572773,8.118117632521235,10.450929215309799,12191.246079,132248.51458241665,2366.7034521795067,2738
2019,86,7.350242589359233,6.513378019598623,8.285101716478579,20710.31808425,281763.73544775,3339.9623446049095,4119
2019,87,6.759861378129828,5.934705877867705,7.690365941811928,27667.77042141667,409294.93777683337,3149.5840491943177,3914
2019,88,4.583976465348752,3.936066842927541,5.332617109947729,15472.002347333333,337523.59909108334,3460.1119576382157,3983
2019,89,4.2314006000377855,3.6261645406899223,4.932485214458019,18539.268693500002,438135.5122305,3664.825006584985,4541
2019,90,12.051496057686947,10.665924130204578,13.589681505237056,37910.83964783333,314573.72152275,1906.5740159896964,2439
2019,91,11.789289353938342,10.507933459249678,13.203842479582281,23979.86158958333,203403.79194758332,2200.1814086755,2596
2019,92,3.285998552823407,2.931584028164743,3.681634990251429,68569.89878850001,2086729.4274850835,8702.688677867516,10529
2019,93,12.49931203344262,11.084321821641035,14.066359536843887,14880.571420166667,119051.12361666666,1890.9357933019962,2219
2019,94,4.29985932821055,3.7499824456614586,4.926240315539177,32188.833478083332,748602.0127890833,4585.590938212362,5456
2019,95,6.048669590752496,5.25647737618046,6.9514915497075,14949.590410416666,247155.01791125,3048.452059952696,3521
2019,96,13.342880728320347,11.668773936733274,15.21579644077325,84585.14236525001,633934.635912,1412.7631236513967,2490
2019,97,4.645834497045566,3.973093361541691,5.426050411479028,28056.662594833335,603910.0749860001,3238.336117384228,3934
2019,98,6.902473878306785,6.166783268169434,7.718711873303414,34564.89656716667,500760.99057466665,4106.96541987583,4907
2019,99,6.121802002719759,5.232323710942198,7.1510787116411745,4714.3663015,77009.45406933333,2407.577699943685,2907
2020,1,5.959077399430724,5.383661290749483,6.591710413372616,62645.518044833334,1051262.0301058334,5909.844009652672,6737
2020,3,5.67091450567184,5.254119731796882,6.118637253344214,163312.47884391667,2879826.1493905,11008.089526436415,12096
2020,4,6.000611404144166,5.558473994839392,6.475506324152396,87585.13519791668,1459603.5186919167,10315.73629889151,12007
2020,5,5.306919587579372,4.738175776115665,5.939675556952462,52901.98853958333,996849.2581534167,5360.346644862036,6107
2020,7,6.159913833018589,5.5875156639984525,6.786734696374578,87381.7415175,1418554.6078439166,6185.116576474276,7101
2020,8,3.937010210114436,3.4215380378893974,4.526501147619183,28251.97250925,717599.6759335,4777.35362778272,6025
2020,10,5.955742290001805,5.178930429183148,6.840665856611336,23869.178145833335,400775.87282283336,3126.1471218475026,3908
2020,11,7.260551223484421,6.4851575100507155,8.120603725045273,37170.636216666666,511953.3637671667,3874.830469427971,6891
2020,12,7.94698544257602,7.121357616201726,8.8592036728025,39247.6750005,493868.71643466665,3727.4016471510827,4217
2020,14,4.896536575708986,4.348453448865403,5.509721411627082,40887.57789725,835030.5826385,5319.001823735315,6290
2020,15,3.9881481368313847,3.600829973410192,4.415219480306268,23203.757517083333,581817.844297,8888.661428119301,9675
2020,17,5.583315840365671,4.9955824351754785,6.235657941123357,40148.83512266667,719085.8670828333,5277.951081713323,5844
2020,18,7.578123940539694,6.967722689512162,8.237264193550322,97215.7746825,1282847.5153650832,6683.283157950404,7297
2020,19,6.138800155903555,5.4481802719082655,6.910565715138464,35101.10970575,571791.04734325,4148.961325302705,5084
2020,20,4.288257188287328,3.814354108108195,4.818089621807584,50658.67348425,1181334.776809,6275.500859419244,7425
2020,22,4.571935230672129,4.15609529913124,5.027199837540591,78563.80456183333,1718392.7723815,8848.991882999997,10184
2020,24,5.3685777356158715,4.740534473361289,6.074520596579193,26445.98202816667,492606.8566115834,4397.9725063239475,5445
2020,25,7.678512149280945,7.063148956330095,8.342675045123876,88483.43588916666,1152351.31714225,6659.160288078555,8445
2020,26,31.059102973802876,29.205478848822974,32.97557471252199,78664.91701091666,253274.91614058334,2311.6219812094855,3175
2020,27,5.892273290423443,5.191662638531029,6.680768438543251,31191.101108,529355.9814799167,3852.0836042497917,4868
2020,28,4.405185016017288,3.8686596598180634,5.012238833540771,29000.839867083334,658334.2075675833,4962.964874664302,5753
2020,29,4.672196483945214,4.090426092156734,5.332110378200401,26415.864033583333,565384.27106725,4452.700291752185,5965
2020,30,3.732767831396196,3.1989619628639083,4.351644724412651,6443.548898666667,172621.20736441668,4174.63571835879,5269
2020,32,6.71618500963523,6.175211641569903,7.300862112209897,85467.84240408333,1272565.3370398334,7605.256242086463,8342
2020,33,5.319045588118239,4.698857666136102,6.015922988152277,32357.543951833333,608333.64587275,4472.393112143405,5383
2020,34,5.465947977437664,4.841970839434303,6.165126375945585,15963.95444325,292061.9535558333,4545.968632539341,5453
2020,35,6.336442179869804,5.751418254393177,6.9765687538222165,59242.62187491667,934950.8792666667,6084.133038620834,6999
2020,36,4.440281488223679,3.9917000632637802,4.93668174311865,75104.43237658334,1691434.0357874166,7316.111069630411,8514
2020,37,8.114927058923618,7.170430178713402,9.171542399781051,29215.557616083333,360022.4303181667,2866.3332113646466,3613
2020,38,4.803086498333753,4.271666558628449,5.396890951735142,26755.42536466667,557046.5027841667,5562.35026898374,6749
2020,40,2.9720096036352466,2.7056504336218867,3.2637110362275163,94953.89476375001,3194939.0287166666,14253.45604688711,15588
2020,41,5.328293137572393,4.762659141968265,5.956902478756006,55311.71235083333,1038075.6261475834,5446.05391795156,6367
2020,42,4.326816393255906,3.8132581466508846,4.9060113946897115,26324.058862,608393.24966575,5342.298961831781,6816
2020,44,5.68259310952606,4.797369891746577,6.719630835107846,4895.4352205000005,86147.91040191667,2238.9414750922733,4340
2020,45,2.763272013680968,2.5774266347097177,2.9621103404816296,201892.49550391667,7306283.80066625,27927.917794925117,28843
2020,46,3.637474148312573,3.3272199526045916,3.975469001079701,163022.59471983335,4481752.668825417,12836.498516032032,14370
2020,47,7.574585565124087,6.6263199851817,8.645988117083943,29276.92868925,386515.2546965833,2643.2186374651933,4064
2020,49,5.798700692828341,5.146376292599191,6.528019362085249,16718.681370000002,288317.71556475,4406.810743058286,5285
2020,50,6.658125732171542,6.089886121719029,7.275279437197107,92632.74906016667,1391273.6524720835,6803.849725686769,7734
2020,52,8.867363332179282,8.16311873194288,9.625995938367971,89319.80507541666,1007287.0788014167,5806.606163937233,6495
2020,53,5.913834064654351,5.332203565358302,6.55451549196239,53953.60665358333,912328.7204835834,5732.061318813321,6315
2020,54,6.08447484535705,5.433888985991779,6.80734658072464,21251.7414725,349278.1548553333,4663.728218699911,5471
2020,56,4.945665671978648,4.279617361147446,5.709190187432839,31517.272159083335,637270.5768943334,3547.268695381126,4230
2020,57,5.715040691064024,5.255728538949138,6.211861565555588,69767.29813016667,1220766.4284745,9067.053884026696,10109
2020,58,6.275819843598869,5.4884036618692535,7.167638404261634,18732.191632833335,298481.98481891665,3213.798584553806,4012
2020,60,5.037216383958013,4.61827884525639,5.49196879695899,107114.41606491667,2126460.4873049166,9641.462907243758,10582
2020,61,5.349332009142716,4.654122074800523,6.141699692247476,28070.79741975,524753.32194325,3526.9876225021194,4541
2020,63,5.568981262845008,4.9923145437189005,6.207906815621406,66580.63934925,1195562.27982775,5479.072975426017,6083
2020,64,5.524537750948332,4.771151608022897,6.388905696937126,15178.373312666667,274744.6754266667,3075.053495941031,4037
2020,65,5.797222244007766,5.363615106223267,6.263563136261119,122227.77600091667,2108385.20340075,10370.962975636283,11088
2020,66,5.287407131544585,4.579044611928908,6.098347575481367,24704.886245833335,467240.09767366666,3345.0581296123028,4260
2020,67,4.642689803333999,3.932025342495127,5.474478561892132,11503.95953025,247786.520693,2873.174014025027,3183
2020,68,4.5662814883304845,3.9711749756725476,5.245696995675917,23202.272073666667,508121.80836775,4136.446523037249,4850
2020,69,8.737335695806891,7.6870335773298795,9.915729118708702,45962.771099000005,526050.1908042501,2471.093533347211,3615
2020,70,4.422273667333098,3.9369382890027644,4.964347972043952,36404.294438083336,823203.111716,6167.757829949813,6948
2020,71,3.6033771675669515,3.199362291382684,4.056273102391734,70253.68736283333,1949662.3333013335,7288.583091180457,11028
2020,73,4.86498945066245,4.255978033421418,5.55609048885171,28994.75092875,595987.9506995,4220.426661657552,5569
2020,75,6.794218886152463,6.307930380843829,7.315069195424462,126120.77022825001,1856295.3643619167,9600.58944071873,10658
2020,76,9.821407079144429,9.012639945921832,10.69422026135602,50472.87637608334,513906.7749595833,4815.9534423582945,5601
2020,77,4.446961153423141,3.6590653088814595,5.395011753181881,1349.2760351666668,30341.52961125,2181.4214470410666,3327
2020,78,7.293717632708928,6.6784448898422335,7.960838862669384,46662.45330283333,639762.2673734167,6324.382730332967,7489
2020,79,8.36271761654203,7.443730661279671,9.383658165365308,17906.274630166667,214120.2830375,3133.819512120795,3627
2020,80,5.883845050827821,5.466735950749943,6.330648105814094,114114.73479500001,1939458.5311002498,11410.629472209986,12058
2020,81,10.516226257400389,9.424156701603534,11.718472069388154,44629.068099000004,424382.92032366665,2749.4793774760133,3323
2020,82,15.784132335037413,14.645881610271283,16.9932336619541,205125.56593033334,1299568.2092388333,3706.4684795468656,4270
2020,83,14.844750483056588,13.564889657722995,16.222703152434086,69022.59284316667,464962.9707279167,2749.648286771512,3410
2020,84,13.945571145563854,12.528324288864829,15.49474203335856,13213.8498095,94753.01994858333,2095.876122542654,2848
2020,85,9.526766184298022,8.391435414338357,10.79759804255729,12828.533093166667,134657.79305375,2290.9926712133565,2806
2020,86,8.679613230592267,7.753744972448011,9.70440791430893,23532.22919025,271120.7120071667,3205.221505122312,4055
2020,87,7.674460621141786,6.799900505104309,8.651060414636822,30173.051317,393161.849497,3182.9937142947833,3867
2020,88,6.77289595607524,5.983325098715016,7.658172960532986,22351.809661333333,330018.5003031667,3466.262503329073,4055
2020,89,5.37308597864016,4.667283697859964,6.178704414856924,21750.20612925,404799.1455136667,3431.122585985702,4172
2020,90,15.407870369177393,13.844336424526105,17.11291093146004,44591.968571749996,289410.33058633335,1874.2931997731105,2291
2020,91,14.845482468765061,13.44197420054217,16.367823458975785,30353.60088,204463.55276,2269.0111561590943,2617
2020,92,3.647090252223755,3.2681691714068353,4.068096920560484,75977.09519066666,2083224.9803618335,8458.09548962379,10433
2020,93,18.213100491090305,16.584482465426877,19.963375205644688,24295.93393141667,133398.12155158335,2003.5790392082115,2453
2020,94,6.281221299701301,5.638792742928572,6.991418897202826,47415.15274725,754871.55259925,4952.518739350778,5692
2020,95,8.601051065236014,7.661573198450265,9.643698237217182,20835.73960725,242246.43533933334,3079.0979338926854,3497
2020,96,18.506647167712213,16.85265453901435,20.283370231220506,120886.92859141667,653208.1554044166,1967.6404839866766,2592
2020,97,6.021353247163812,5.266456898592575,6.87660214569136,36073.288268833334,599089.3871875834,3363.1314893390345,4028
2020,98,7.459822350806119,6.6958369654035454,8.303220068875508,37421.66069891667,501642.78637108335,4111.799907616143,4952
2020,99,6.192135391429927,5.289436825466652,7.237117243536313,4790.8019368333335,77369.14059508333,2361.666289532784,2952
2021,1,5.555951999910053,4.995993455918284,6.174592524936616,58781.932941583334,1057999.294136,5814.9798286225,6695
2021,3,5.050749422888755,4.664257063454559,5.467430883088401,145781.92913925002,2886342.539160667,11435.432367489764,12205
2021,4,3.516122815195224,3.1665782250403405,3.902697003119473,51355.62336708333,1460575.3571845,9640.654338503491,11633
2021,5,4.098837942317314,3.6069479371898425,4.654569280123248,40812.590682250004,995711.2541799166,5520.085328693767,6270
2021,7,5.25574747518998,4.729954538338952,5.836408149344707,75061.21389425,1428173.9038753333,6261.52365311756,7184
2021,8,3.0537024357407385,2.5859829994144277,3.6028881883796022,21544.902584000003,705533.7917616667,4423.565524582252,5775
2021,10,5.105008851857758,4.348615602641407,5.98473642092027,20354.04385075,398707.3174876667,2792.8214646240804,3723
2021,11,6.482391628596243,5.748005616215386,7.303334990732748,33251.9845995,512958.58850633336,3858.8253396838077,6884
2021,12,7.802171344579634,6.980236270237909,8.711826320590228,38582.30084975,494507.22299958335,3692.0409582484913,4349
2021,14,4.211620436816483,3.7049790354654264,4.784101059614522,34974.1042365,830419.1880818333,5339.301145012321,6222
2021,15,3.420041505268265,3.0615083213639127,3.8189083867189506,20080.030402,587128.26645725,8868.887961614892,9668
2021,17,3.9073227757033924,3.414398250592713,4.468117067945719,27998.997590916668,716577.5442208333,5213.890352435781,5789
2021,18,4.9705092161028235,4.4806932145486496,5.510781263593737,64148.37112558333,1290579.4625179167,6852.777261561792,7412
2021,19,4.646741751756178,4.030226537635717,5.352307306106319,25905.10934725,557489.7580107499,3909.0615911974855,4753
2021,20,3.8203017511362716,3.379211787200102,4.316395267041156,45599.1259835,1193600.11208375,6446.556845491986,7581
2021,22,4.213839330260926,3.8123469560478034,4.655567835295871,72297.48306433333,1715715.2278005,8738.830720538434,10308
2021,24,4.498105272271358,3.926422875518667,5.148563316690793,22509.821473833334,500428.9608915,4433.917164239666,5447
2021,25,5.984943243022666,5.448440619823292,6.570603555205799,68775.56863075,1149143.20550875,6875.327660716188,8684
2021,26,32.25952444232337,30.358037962342305,34.22158613555514,83695.79431825,259445.2204895,2246.23089444632,3184
2021,27,5.025614946980282,4.389117647167965,5.748865295472242,27104.6489025,539329.9961985,3979.125152651337,4868
2021,28,3.8878601284763716,3.3806253718593053,4.467682087173473,25164.0013205,647245.5409645,4876.850491675874,5633
2021,29,3.935493878462362,3.4160429105540153,4.530228760457692,22591.872821666668,574054.325057,4697.160222814756,6086
2021,30,3.420107419640673,2.9163675114967256,4.007266114438335,5840.12867575,170758.63296608333,4286.193110073127,5387
2021,32,5.438256974575291,4.950253528840496,5.971346220414505,68552.324786,1260556.9230452501,7589.7734005838065,8324
2021,33,4.833844045405126,4.227125601707037,5.52262317446766,29045.892583,600886.0093575,4224.832172603707,5282
2021,34,4.319785275164369,3.7588362276963014,4.960132968500041,12404.196271583334,287148.445616,4416.351401358063,5353
2021,35,5.765504557634404,5.210431962659871,6.375732234153869,54241.49437741667,940793.5391464167,6157.875211205638,7131
2021,36,3.4661242199821745,3.061051143145208,3.922632090734509,58965.67874166666,1701199.2357841667,6947.016276523368,8304
2021,37,7.561049705103757,6.642108533489177,8.595421760178557,26605.26416866667,351872.62624008337,2820.8355264769552,3413
2021,38,3.9425569129027673,3.4646726332733446,4.483294826426843,22314.912080083333,566001.01337925,5625.992809857858,6820
2021,40,2.2696452825624185,2.0426307823305527,2.521240413678701,73229.98122083333,3226494.544476,14914.749769071821,16140
2021,41,3.732522061878936,3.262650331900589,4.267077670153496,39681.39337633333,1063125.48776625,5491.642606706363,6435
2021,42,4.2658864170092405,3.763234712303371,4.832305620436339,26114.279951166667,612165.3836595833,5506.354724286614,6866
2021,44,4.904338658450957,4.107870008846348,5.845819206618735,4280.961946583333,87289.28087391666,2385.3849115942335,4299
2021,45,2.7460314213546013,2.5619495322027905,2.9429405234234305,202149.11962941667,7361500.60255675,28299.138398701034,29047
2021,46,3.4338468343871997,3.126244461712873,3.770537282209253,154073.98749991666,4486920.7897390835,12295.491440683709,13971
2021,47,5.7491838598093965,4.913878092470112,6.716452777813053,22112.681355416666,384622.96379141667,2572.4487726392645,4038
2021,49,4.084279911344462,3.5511741439109548,4.6935214983597975,12191.290109583333,298493.0116009167,4629.545268001486,5530
2021,50,6.066528207464019,5.531140997241768,6.65009021864493,87071.20086741667,1435272.3318798332,7002.668973302465,7958
2021,52,6.502136539657441,5.889771152685378,7.173317214612199,64124.532817750005,986207.1094115834,5678.193161846231,6373
2021,53,4.689393147658787,4.176713351363265,5.26154752985665,43156.78217525,920306.3342385001,5849.375599293588,6499
2021,54,4.67438693252325,4.0884107480306175,5.3396731039544525,16337.052381416666,349501.49864033336,4386.941665536441,5274
2021,56,4.231361254727663,3.634906162768714,4.920691527932081,27940.635951,660322.6306849166,3782.2796267360873,4521
2021,57,4.578978053728262,4.172970110736478,5.02241805123654,56348.883582166665,1230599.5556429166,9318.809282861748,10407
2021,58,4.72974425977555,4.039938087583572,5.530544338457425,14673.828912666668,310245.71534366667,3129.7327837291705,3939
2021,60,4.0349787443165175,3.660683852921392,4.445778184853809,86766.87611808334,2150367.61321975,9670.171259888879,10589
2021,61,3.955907005424902,3.3574070310185653,4.655957099410174,20953.67685825,529680.72377625,3479.6893909363916,4596
2021,63,4.485455891851878,3.9661594441611707,5.069155778146761,53949.67090416667,1202768.9538129168,5425.752076043194,6039
2021,64,5.241174598184517,4.5062478689926175,6.088319182044845,14359.811783583335,273980.7940868333,3060.540499856787,4059
2021,65,4.071601923999099,3.7084739232260495,4.4686367503581765,86396.64850591667,2121932.598485917,10403.033667944756,11125
2021,66,5.067020083842624,4.394926963680977,5.8356193299503625,23773.597990083334,469183.02269791666,3573.3033150855163,4511
2021,67,4.255715339766082,3.6069663005769503,5.015077631153091,11642.651774416667,273576.845369,3173.4412322268663,3435
2021,68,3.9532974162631263,3.407776208011192,4.582003834336936,20196.860752416665,510886.4480909167,4248.994163832407,4882
2021,69,6.930585192295846,5.975535936775672,8.025248233318216,36978.21957816667,533551.18726875,2366.25949962066,3443
2021,70,3.7827365849512393,3.348961367251019,4.27021431985448,31332.203313916667,828294.6118575833,6608.202946579983,7315
2021,71,3.2160608995085784,2.8240421153007524,3.660447854262455,63015.6151685,1959403.6660850835,6859.8153636516145,11033
2021,73,4.290054770710306,3.737338973650025,4.920333724236756,26004.092363,606148.2604030833,4523.897748674892,5776
2021,75,4.941743484808144,4.528398764229161,5.3906872796174286,91697.43434208333,1855568.47748125,9720.53709190254,10867
2021,76,9.273536082594585,8.486408955969107,10.125592487279308,47321.32191766667,510283.47219658335,4815.218254378302,5626
2021,77,2.6206162435782825,1.9815711028185932,3.4584781085206426,803.3367695833333,30654.498595583333,1827.0503074366852,3069
2021,78,5.92338294501057,5.36272657527717,6.5386044196406425,38363.227883416665,647657.3984758334,6202.268093901031,7535
2021,79,8.260325122952404,7.339942873120993,9.284553354531736,17810.66532666667,215617.001287,3084.2172128870448,3632
2021,80,4.360431882949784,3.999257226157053,4.752609602124558,85287.32832925,1955937.63688275,11306.171684749163,12012
2021,81,9.5798699136699,8.551986033453552,10.716819503092612,41179.746934916664,429857.057622,2843.474464462758,3250
2021,82,15.15848517940418,14.043481183617828,16.345182582740385,209776.54900741667,1383888.6044658334,3729.897779081968,4393
2021,83,11.782586774747944,10.660245901850809,13.00588892491813,54875.78437675,465736.305837,2904.4145201761125,3483
2021,84,12.089969822850907,10.769219530236313,13.548105010359352,11285.442741666666,93345.49967475,2116.185199558493,2806
2021,85,8.961862509986465,7.879011954030275,10.177093348144831,12010.6679325,134019.77456266666,2377.877519616032,2778
2021,86,6.6830002865773785,5.872804808583991,7.595948148820865,17652.048857416667,264133.59420125,3235.0219865298664,3899
2021,87,7.005928188495834,6.168287398082733,7.9476840978641965,26879.1707455,383663.23522466666,3168.79971097573,3854
2021,88,5.349620780761919,4.640608240339963,6.159961802395595,17920.233531583333,334981.38028825,3381.634984681684,3959
2021,89,4.202847889844361,3.5953575424384763,4.907757544725842,17734.29722475,421959.05465916666,3607.924596492243,4383
2021,90,13.420923293998523,12.030572007079577,14.944657814078788,42722.72763325,318329.2736078333,2103.125264578112,2545
2021,91,12.416096817220234,11.143672015176895,13.811228779178297,26425.206208916665,212830.22030133335,2349.3548256983354,2733
2021,92,2.6682207171061596,2.3443957476335804,3.0353844507008674,55909.39468766667,2095381.1777724167,8386.941467662326,10430
2021,93,15.310159648682871,13.797407387829546,16.956145980666488,19945.240985666667,130274.54607491667,1996.541657532881,2363
2021,94,4.5239032979114535,3.9599836022521777,5.163809959271176,33592.07524141667,742546.27098075,4594.172192511442,5447
2021,95,6.378443895782435,5.579751534232062,7.282644084379027,16327.188908416667,255974.48492433334,3172.6131447897055,3662
2021,96,14.546659042768278,13.125366925397653,16.093346302261363,95227.39065975,654634.1010659167,2168.372664278756,2852
2021,97,4.7088143063759444,4.041946797577785,5.479423455343473,28295.2507075,600899.6929266667,3350.341577005927,4037
2021,98,6.971852490704028,6.218670848696188,7.808661014431386,34931.37046508333,501034.27333925,3949.214146961625,4829
2021,99,5.489380072173435,4.638620786528357,6.48556319626689,4189.238053583334,76315.32155733333,2347.708539593253,2830
2022,1,3.789300677690683,3.3449186530859847,4.290099712048463,41769.572309024996,1102302.9276864,6289.171917785395,7220
2022,3,3.5511997680830123,3.2223864920803305,3.912208909747924,101653.34544383333,2862507.0985152503,11080.262024123385,12098
2022,4,2.6977849336348685,2.384628854453238,3.050780270456856,37985.82435063333,1408037.530236075,9118.291937609982,11028
2022,5,3.328890683076508,2.8821174066824313,3.842180863556438,32543.923149375,977620.6624874333,5386.8226744851145,6170
2022,7,4.348688800747011,3.8670413478623322,4.887276551345845,62637.20634358333,1440369.9416896333,6155.860514041483,7094
2022,8,2.5829833870869474,2.158316942959178,3.088568783232189,18061.297740116668,699241.7307215417,4498.206879109958,5846
2022,10,4.127233036432879,3.4665120832667977,4.907485987716007,16481.471446091666,399334.646253375,2944.630047683976,3962
2022,11,5.44473778376594,4.735002704157507,6.25387214430653,26001.35685505,477550.21247443336,3439.9903967780797,4050
2022,12,7.123712226528134,6.355004972626895,7.977481884514613,35268.71725090833,495089.02282114164,3868.7858349241137,4364
2022,13,7.3755892580353,6.357517816921694,8.541820008889385,1724.4801670475,23380.913805209166,2206.4809152295206,2989
2022,14,3.721753616711619,3.2262922142676764,4.289930040440874,30758.931209708335,826463.3927295166,4885.821629574713,6003
2022,15,3.2263488313685027,2.8786594488334942,3.61446985992067,18647.3137665,577969.548276975,8884.19910136599,9577
2022,17,2.6056961386757185,2.2080901421649246,3.072648616018426,18909.49668325,725698.4574133917,5246.987838776634,5856
2022,18,3.528309873812996,3.11122067616054,3.999006069314675,45436.570549125,1287771.5442839584,6656.448843199592,7308
2022,19,3.433050682849069,2.902395254181047,4.056674263057087,18962.647167966665,552355.584573825,3844.4660581944017,4735
2022,20,3.4792118085771353,3.057733641883535,3.9564155060676702,41692.254744525,1198324.7079623917,6410.011925359524,7597
2022,22,4.0604921790433295,3.668362462253206,4.49258375899151,69316.856487475,1707104.7900357333,8828.315682560316,10282
2022,24,3.1549941940931627,2.675553210393694,3.717066531242599,15441.863188366666,489441.8892205,4351.724636742119,5441
2022,25,4.996943448850891,4.504766779396964,5.539774330369543,57580.1871268,1152308.1603023,6821.9438608960645,8589
2022,26,29.994051616336193,28.15569839703469,31.899141340210058,81332.65700745833,271162.6226686917,2299.3066421245735,3249
2022,27,3.132349029705722,2.623434985879653,3.7361982628474824,17031.583152308333,543731.9721010916,3789.0651024409617,4737
2022,28,3.743425945192654,3.2426923585731506,4.318031633873213,23835.361306833332,636725.86704815,4806.979391276887,5701
2022,29,3.900382180426493,3.3735164369345316,4.505695325630402,22274.586059933332,571087.2686198583,4511.025308950313,5958
2022,30,2.927680638764412,2.451223832250177,3.493432159488246,4856.7394040775,165890.341308785,4046.2611261162506,5249
2022,32,4.1354133568064215,3.708303180707104,4.609361865865637,51387.994372075,1242632.596509275,7519.352036081789,8256
2022,33,3.7928828950285367,3.2542567079707685,4.416589596849421,22205.690950358334,585456.8033055833,4168.7411372284505,5111
2022,34,3.2715326420206012,2.792582994119496,3.8293899051743763,9245.6173883,282608.13508465,4545.921768341407,5413
2022,35,5.039193817660148,4.522543926330476,5.6113963553106885,46793.67810244167,928594.5291179416,6214.227235767416,6918
2022,36,2.6923510579707255,2.3358939740979747,3.1014760338895537,45319.927885958336,1683284.49411485,6897.151850562951,8337
2022,37,6.347979111821216,5.5271034003956085,7.281373406522445,22089.970923825,347984.303897425,2976.7762453901155,3522
2022,38,2.9201024099315984,2.4983532368934402,3.410557032365312,16167.229903916666,553652.8393295417,5260.820644865202,6608
2022,40,2.0270655953382235,1.8088164559519202,2.2710392919097027,65604.57889225,3236430.9790036,14323.795024621473,15663
2022,41,3.3604708044524965,2.9293601697547347,3.8525094775641575,38191.23755518333,1136484.7301926084,5877.320498311679,6960
2022,42,3.6804898306898126,3.219122697183648,4.205107404699725,22542.735124225,612492.7974600584,5622.506420909384,6890
2022,44,4.0557696514464485,3.3003673537449796,4.975176025945898,3413.3286888815,84159.82617908716,2148.4570983652443,4304
2022,45,2.329056670429509,2.1586018570013557,2.51262585115267,170223.70391958332,7308697.382970584,27923.69200501673,29222
2022,46,3.125412413761694,2.8310918931542863,3.44924438236683,141965.13978791668,4542285.0169411665,12199.341384896154,13801
2022,47,4.6891476843042685,3.9320756090283147,5.583512620368811,17111.363755153332,364914.1572663467,2531.756857093565,3958
2022,49,3.105710799080234,2.6169278951563246,3.6823352131257967,8917.755897333333,287140.5766426917,4097.692784877397,5208
2022,50,4.711885398202609,4.229361258143276,5.24644454220102,65647.28747219167,1393227.5920215168,6682.90454444167,7663
2022,52,5.307134151127887,4.749789637157749,5.925809270992906,51182.19904355,964403.7174502667,5594.857632184974,6282
2022,53,3.487911533310497,3.0400761914974317,3.9989968619565106,31286.22941405,896990.3369181834,5645.939085202906,6258
2022,54,3.9580732727098846,3.420173310963073,4.57656148577692,13568.906315675,342815.9455568917,4385.586594295926,5343
2022,56,3.6999015592532976,3.118812415812251,4.384358119066891,23180.080383391665,626505.32756525,3437.4735666644933,4177
2022,57,3.4406194709368303,3.084353212769668,3.836408210324481,41358.64355586666,1202069.6826611084,9047.004414019146,9959
2022,58,3.9477506142745686,3.322825249623601,4.684511057342054,11944.11606235,302554.97951571667,3159.88538110203,3918
2022,60,3.5378574683982387,3.183796084511773,3.92969489591968,76681.02276576667,2167442.3984209835,9445.66092851327,10483
2022,61,2.8619168579493297,2.359198938637367,3.467953383034597,15367.333676416667,536959.4729396834,3501.4130676284203,4589
2022,63,3.3970970860863106,2.943496283209035,3.917777384750276,41757.82999980833,1229220.9772525583,5333.799510869573,6086
2022,64,4.188299828442045,3.5420036694668733,4.946475786612954,11442.255125808333,273195.702182205,3142.101972971498,4206
2022,65,3.459453826038338,3.1236653701167487,3.829911895625228,72318.484886975,2090459.6078911084,10309.719767782979,11064
2022,66,3.4376968685648053,2.874003480308938,4.107275020175298,16105.078676441666,468484.54916751664,3374.683730436807,4342
2022,67,4.035635524476546,3.3859253385005452,4.803816908863216,11221.439843758333,278058.80327148334,2976.971020851091,3294
2022,68,3.254739072103089,2.763712534647438,3.8295700057428683,16690.5641555,512808.05575345835,4281.613793970158,4981
2022,69,5.402227058526332,4.5181642060378575,6.447592220970444,28065.63175215,519519.6619485667,2120.374968042089,3348
2022,70,3.569166835667241,3.1441237259926735,4.04926779685385,29547.81263515,827863.0278605667,6475.239315782128,7223
2022,71,3.9582048227426876,3.3007676050206007,4.7401695016481655,29134.188416283334,736045.498426125,2836.779533906297,3289
2022,72,2.045054793969967,1.5660499593769674,2.666602901003743,18754.126541108333,917047.63101735,2580.874664266009,3819
2022,73,4.178625279107638,3.623769287697767,4.814194648674578,25532.366869675,611023.1275661917,4357.78800377878,5857
2022,74,1.6484766307139676,1.2340995999666096,2.1988924903295564,4884.485416833333,296302.9821489083,2726.8551736952054,3874
2022,75,3.119001631476907,2.7865156403251325,3.489735589970616,55746.795212475,1787328.183797,9413.204058694137,10624
2022,76,8.66493017295706,7.911806248909928,9.482361948221005,42890.91653739167,494994.37019415,4934.497035984611,5690
2022,77,1.9475676929906829,1.4175886234559347,2.670317519442195,569.8572058725,29259.943462988333,1911.297983426482,2877
2022,78,4.9744783746241295,4.459307401973069,5.545710918511456,31314.381519,629500.8071347,6166.648714393061,7319
2022,79,7.124494542685543,6.229830449910475,8.136492582034347,15585.424637408332,218758.32094515834,2803.6067424927683,3476
2022,80,3.4190225405781316,3.099383938247576,3.770342764844841,67145.52996682501,1963880.8802784667,11292.228363529839,12111
2022,81,7.423074454475527,6.51961448887331,8.440427791797056,31401.676330458333,423027.90471845,2868.2748676320944,3360
2022,82,12.115010174662327,11.163070071696717,13.136124224402506,174992.63043,1444428.25806275,4203.916956662742,4718
2022,83,10.063117644654922,9.003436340180695,11.23212573075694,46846.253099208334,465524.25156324165,2802.71493496901,3410
2022,84,9.747965307526243,8.527194775476818,11.122253645951442,8814.374238741666,90422.70833623334,2010.6028244932804,2749
2022,85,8.113704329719647,7.057628911140819,9.311973810282227,10871.7333955,133992.23035128333,2259.32590167269,2762
2022,86,5.8329492401861085,5.069256441104259,6.703569343207246,15133.417572675,259447.09870631667,3169.639971547441,3960
2022,87,6.630769461761793,5.791644072394416,7.581687705635461,24665.495250275,371985.4142496667,2976.690954160283,3683
2022,88,3.560680477877834,2.9832209049691025,4.245027487245243,11670.15219285,327750.615798175,3334.151097007086,3850
2022,89,3.576886289821821,3.017603226269233,4.235300153389039,15540.000845541666,434456.10473448335,3594.0812780023853,4345
2022,90,11.90246590663097,10.581043759108775,13.364250570770492,38900.549678175,326827.65053335,2081.4746485937108,2634
2022,91,9.888432760696332,8.742771132333974,11.165853937541875,21628.187583558334,218722.09789931666,2335.0696190804883,2735
2022,92,2.2878931276846117,1.9857940064753352,2.6347152255668247,48009.74969450833,2098426.238252442,8192.576017544048,10342
2022,93,9.539058208316208,8.321763438886823,10.913220551080396,12613.794584616668,132233.123115025,1977.8178278633768,2339
2022,94,2.9192908384146166,2.46895516072003,3.4488627841269217,21077.850452366667,722019.5458090584,4561.204574212173,5381
2022,95,3.3087319915418085,2.7441289901669026,3.9847421900992828,8501.818613316667,256950.95991606667,3216.1046106698886,3715
2022,96,10.979835334112702,9.60567299257485,12.523346721344438,71962.02855049167,655401.7101414667,1766.4000577645963,2761
2022,97,3.2204601777535298,2.666077732906058,3.8855187088280645,18860.327971283332,585640.7758607833,3243.5027869724718,3936
2022,98,6.539519285686496,5.806460977220753,7.357895942518103,32964.065621158334,504074.7519975833,3909.7750185090918,4778
2022,99,4.8976764136658595,4.10896400357926,5.828579392118548,3726.2349971316667,76081.69022221334,2433.1516661866917,2978
2023,1,3.4235868434564574,3.014712306170897,3.8856937977541293,38973.4472939,1138380.56622955,6718.429788633412,7553
2023,3,1.9873354132201797,1.7448492507027833,2.262744436268412,58105.89033816667,2923808.932887417,11200.450690044481,12222
2023,4,2.0029408480484365,1.7352726010087824,2.31092631055462,28504.079644308335,1423111.4050163417,9142.560350585536,11009
2023,5,2.5674882851660255,2.185986203889126,3.0135195139404742,25349.385775608334,987322.3539934916,5643.530235390726,6299
2023,7,3.824973676363504,3.3660135741627495,4.343700591733392,54661.81686316667,1429076.9424362418,5931.876132972158,6950
2023,8,2.097586712987018,1.7226585510394257,2.5519971809099213,14867.78110555,708804.1230189666,4626.501000319603,5812
2023,10,2.4246838938044615,1.9537789210090781,3.005608324715437,9942.946439883333,410071.864018625,3318.454811925159,4161
2023,11,5.5336007026141765,4.814924006706341,6.352388359163489,25774.537384,465782.3859936917,3408.6888118094766,3904
2023,12,4.360119773644568,3.7463386780210985,5.06916375458303,21559.929700433335,494480.21659303334,3676.998563843642,4318
2023,13,6.353007691330441,5.392475098720107,7.471123515700806,1490.5195833508333,23461.63668879,2124.153020391842,2920
2023,14,3.5500890269331515,3.08001055946887,4.088885202981951,29188.679968658333,822195.7181134083,5189.446382216112,6087
2023,15,2.5873970681288343,2.273076210871604,2.943872902608817,14819.270958925,572748.2318607584,8637.300050154137,9429
2023,17,2.0221029606738905,1.6737596073755485,2.4411437478061755,14419.920437091667,713115.0449572584,5210.071006884243,5819
2023,18,2.8641133190953614,2.4885609141536453,3.294426120612411,37029.774591075,1292887.9016131584,6609.352710162373,7279
2023,19,3.1472407618044254,2.6367654861610137,3.7527343889743117,17242.77626313333,547869.6282914,3784.5413610870482,4652
2023,20,3.2513706910187046,2.851434783326686,3.7052612821159103,39251.54331850833,1207230.6435846665,6652.964700738077,7862
2023,22,1.947031616909337,1.6766328483492638,2.2600365407109595,33105.922191775,1700327.9199095084,8661.267993521737,10288
2023,24,3.12306062522258,2.640700676852829,3.690190586927048,15025.531742500001,481115.59606465,4244.732421599735,5404
2023,25,3.67425217565298,3.2557003578752597,4.144307832324348,42400.79296050833,1153997.9003475166,6906.65128998451,8823
2023,26,27.776901836738638,26.110191834364443,29.507516892368642,77524.26144791667,279096.1421960333,2667.907084152492,3331
2023,27,3.0271031845388454,2.5319279533455386,3.615528697567736,16947.554810524998,559860.4929321833,3866.2690706780113,4833
2023,28,3.1747875026203696,2.7019842163299836,3.727154459152765,20134.797755566666,634209.3049990917,4517.747980977651,5473
2023,29,2.3996577999413007,1.9959224641537592,2.882658604355276,13576.53810945,565769.757245475,4609.889023849922,5961
2023,30,2.065520348127487,1.670810469257624,2.5510567545940557,3453.1037400958335,167178.39372661084,4050.8842814760924,5292
2023,32,3.41307861922848,3.020789209500316,3.8542873060024756,42084.99021845833,1233050.7120861916,7312.772803466391,8127
2023,33,3.1802352323235312,2.675129406630774,3.7770116375394256,18506.234504691667,581914.0143029833,3920.126280561179,5057
2023,34,3.1183629732136975,2.638807570766338,3.6817732205038602,8749.065118916667,280565.963426,4291.530583730634,5379
2023,35,3.6183828328757093,3.1947302977250276,4.095838844028156,34384.451135991665,950271.232319125,6619.26491366956,7134
2023,36,1.998365163487085,1.6974593380396772,2.3513361840062355,33702.632935225,1686510.2310137833,7079.4433842061835,8356
2023,37,4.68925435605999,3.9775882223286025,5.520930053711359,16568.614542041665,353331.5381075417,2896.9167447871664,3534
2023,38,2.402609528719987,2.023297989238926,2.8509621346816663,13074.4416966,544176.7187015833,5292.815293121275,6497
2023,40,1.5792823507955924,1.3895303121042202,1.7944750838256176,51499.63294825,3260951.5912278835,14618.887814355749,16015
2023,41,2.768005965309217,2.364300611767525,3.2383578338673393,31071.862720733334,1122535.973915875,5440.997181543455,6749
2023,42,2.90165161576039,2.4957685869951636,3.371260514494976,17300.112511441668,596216.0452852333,5674.429106265479,6625
2023,44,3.3726020593967303,2.6334319279808893,4.310063461270798,2725.800704771,80821.88935324833,1802.76584861172,3996
2023,45,1.8238186170688533,1.6724613271034212,1.988596673106074,133547.90580775,7322433.522604417,27575.331880596717,28866
2023,46,2.6336621485421556,2.368842051858496,2.927199668309619,123981.47707600001,4707569.539419817,12668.31480063706,14273
2023,47,3.378918406885393,2.725195519255953,4.18271414455742,11934.761975475833,353212.49400860834,2382.905578572764,3830
2023,49,2.3358870272256067,1.9262471897869802,2.830127860342678,6842.646963475,292935.69781935,4324.706349428723,5462
2023,50,3.404931253653824,2.993546116339575,3.870594853454956,47355.50421105,1390791.7864783,6591.519928939922,7637
2023,52,3.641347811459345,3.171653676442808,4.177598516022971,34096.09933479167,936359.3125460583,5347.541720240718,6091
2023,53,2.5943423704263293,2.2195049028021208,3.0305216706569587,23976.652520125,924189.9910143666,5933.6036390575655,6599
2023,54,3.342994947100476,2.8506517530398066,3.9169435052832005,11479.927513308334,343402.4787643,4388.7855586767655,5321
2023,56,2.936805014827633,2.439152198930271,3.5323162326837894,19120.516966841667,651065.2518742001,3691.1161919687233,4446
2023,57,2.7567079449081553,2.439602163616441,3.1137164415315777,33321.51558425833,1208743.0460599083,9092.439808005716,10245
2023,58,2.9326699050750813,2.3815066386388235,3.6066786198626106,9134.567685850001,311476.162729475,2939.8119330845648,3890
2023,60,3.1021775400467204,2.778229986545838,3.4625527861992764,68655.00645183334,2213123.0584178413,9887.317747051411,10850
2023,61,2.9446859487990884,2.4422893624186712,3.5466720214933316,15580.190083325,529095.1345653334,3626.2817180959005,4631
2023,63,2.6588855584027753,2.2625569160663535,3.122420584868106,33038.96911109167,1242587.1059655,5408.11289671615,6140
2023,64,2.7888348952430473,2.2592104265645228,3.4382511221342575,7581.269768825,271843.62121101085,3024.0754752461444,4048
2023,65,2.360372105329176,2.0883449767196147,2.6668682601997804,50377.97728228333,2134323.5318084583,10614.71604870037,11422
2023,66,2.95900518954005,2.45604060775655,3.561209834184073,13683.36093625,462431.12329170835,3637.9547924138915,4565
2023,67,3.31023645144461,2.7413649396866315,3.9923110336289995,9552.722527991667,288581.27412085,3164.9207195217245,3416
2023,68,3.0763153406886947,2.59322706599487,3.6460288327272763,15279.433155175,496679.67887045,4157.888990098958,4825
2023,69,3.962454907333047,3.280347392396379,4.779389414063643,20924.376482,528065.9836223416,2619.5402739651818,3522
2023,70,2.731182507173941,2.3626841882932967,3.1552966891238223,21844.786938016667,799828.8975796166,6525.993947151384,7202
2023,71,3.13854549145443,2.555165177968906,3.8498575365369945,23484.94057775,748274.65912775,2810.414950049391,3300
2023,72,1.8090621702104965,1.3561843266139326,2.409477923458876,16753.874007625,926108.250092675,2505.662757968781,3694
2023,73,2.8359913015291625,2.392025160537685,3.3595225916743585,17169.219670125,605404.525072675,4550.378552355355,5979
2023,74,1.524325159570208,1.1362369458263377,2.0422289547047514,4575.542325558334,300168.392342775,2865.1101217212204,3915
2023,75,2.3695300004943376,2.0854800803435127,2.6912051792371097,43694.477608233334,1844014.5344907083,9722.097761837087,10930
2023,76,6.928990624247761,6.239003782753703,7.689027103480177,33479.880800733335,483185.54052550835,4720.108991877646,5600
2023,77,1.6831838989992127,1.217023566217968,2.3236988837947288,500.72139550416665,29748.466332281667,2125.233472702821,3062
2023,78,3.7879237539558352,3.34126475089714,4.291640878486246,24006.815741366667,633772.412031675,6218.64828809319,7508
2023,79,3.9531402457038207,3.2757597531829683,4.763694767503563,8188.970424858333,207151.0221211583,2652.639185734628,3187
2023,80,2.3189658325998153,2.0559441889660803,2.6147381360704043,45165.802456749996,1947670.02694965,11181.565503640952,11955
2023,81,5.75204599483256,4.956424304977588,6.666425439118651,24621.21410934167,428042.71960725833,2858.736972795041,3276
2023,82,11.890723509172641,10.921395121432772,12.933593280157623,173328.83683941668,1457681.1638560833,3977.4602210246067,4603
2023,83,9.132971416999144,8.092076990877311,10.292762938403008,40416.037161675,442528.89137974166,2636.9128346856673,3204
2023,84,8.931003487081101,7.74054523859165,10.284139799149207,8221.09227255,92051.15958628833,1935.754519162293,2706
2023,85,6.537304512263307,5.586350020572466,7.63704402026807,8769.579974875,134146.72604625,2240.472640661491,2796
2023,86,5.334920741141729,4.619000053884247,6.154645200658847,13837.881790616666,259383.08106251666,3301.99336704262,4061
2023,87,4.694649226512885,3.986561212843985,5.52127453157481,16868.850787216667,359320.79210413335,2932.5954600288646,3628
2023,88,3.354930717071002,2.785883351097571,4.035387360122543,11104.716454858333,330996.8935678417,3212.858577984493,3884
2023,89,2.540180721571212,2.0668432077818824,3.1184676909601468,10710.040505433333,421625.1392857083,3470.4965518731774,4260
2023,90,10.092017976747302,8.850297738136172,11.486001383497925,33530.50095125,332247.733094675,2009.8414486422207,2622
2023,91,7.344022964301466,6.376609599068453,8.444966552088207,16705.762965791666,227474.27461755832,2450.4520502488435,2857
2023,92,2.064036331462077,1.7759917523089221,2.3976579135808547,42647.730938583336,2066229.663136475,8076.72630478927,10161
2023,93,6.649339301182285,5.551497600257334,7.9460205568424245,8208.697104466666,123451.31948684166,1671.1751458601175,2089
2023,94,2.5022266085697265,2.083621974744577,3.0023512464627164,18210.983842675,727791.1513012167,4472.623984090659,5281
2023,95,2.136288318889666,1.695139946566544,2.6891020041338356,5665.424583866667,265199.4365073,3289.3294036218676,3812
2023,96,10.671882095198008,9.383083217163625,12.114037066900018,69993.03639091666,655864.0337903583,1966.4401493446426,2561
2023,97,2.3996374462036356,1.9247190831633194,2.988170021977747,14306.23700105,596183.2702554,3215.0310431427774,3989
2023,98,5.675092010542903,4.989583983063001,6.448388427963823,29356.679726841667,517289.934194975,3875.3117842666434,4756
2023,99,3.6998038090785936,2.9886266575511495,4.572237430827782,2690.1444970916664,72710.46347080833,2202.0892156249206,2805
